Amount Vehicles:,67,,
Capacity:,40,,
Service Time:,0,,
Depot_Almacen_Habana,-82.35161,23.11845,0
1523742,-82.39181757,23.1339225,1
1523726,-82.3878017,23.14211435,1
1523716,-82.39034578,23.14083988,1
1523706,-82.39055771,23.14190014,1
1523698,-82.38836454,23.12896731,1
1523694,-82.38859013,23.13416218,1
1523691,-82.38715735,23.13264683,1
1523689,-82.39061594,23.14005415,1
1523676,-82.38870084,23.13023733,1
1523672,-82.38883495,23.13119449,1
1523661,-82.3885651,23.1342148,1
1523658,-82.38823472,23.12967656,1
1523657,-82.39083886,23.13841926,1
1523653,-82.38923018,23.14335325,1
1523625,-82.38867724,23.14144525,1
1523590,-82.39083886,23.13841926,1
1523581,-82.3858282,23.13581266,1
1523569,-82.3887948,23.13267311,1
1523562,-82.38834645,23.12894724,1
1523554,-82.38776309,23.12855697,1
1523541,-82.38962398,23.14003361,1
1523538,-82.38716125,23.1445035,1
1521814,-82.3501291,23.12985119,1
1523733,-82.38027147,23.13517992,1
1523699,-82.37961403,23.14043938,1
1523696,-82.37955191,23.14107565,1
1523687,-82.37954378,23.13848057,1
1523666,-82.38003494,23.13704405,1
1523655,-82.38340306,23.13931679,1
1523638,-82.38395019,23.14439661,1
1523626,-82.38242148,23.13849313,1
1523596,-82.38024982,23.13439719,1
1523592,-82.38446906,23.14329847,1
1523579,-82.38595839,23.14515517,1
1523578,-82.38215081,23.14236485,1
1523575,-82.38254786,23.13829805,1
1523563,-82.38446906,23.14329847,1
1523560,-82.3807261,23.13666184,1
1523018,-82.37594955,23.13941851,1
1523010,-82.37813675,23.14215338,1
1523009,-82.37594955,23.13941851,1
1523007,-82.37842792,23.13929133,1
1523006,-82.37539908,23.13922545,1
1523004,-82.37789517,23.13636842,1
1523003,-82.37703323,23.13667019,1
1522995,-82.3775116,23.13749518,1
1522984,-82.37594955,23.13941851,1
1522982,-82.37715744,23.13860588,1
1522981,-82.37603625,23.13433476,1
1522957,-82.37635061,23.13880244,1
1522952,-82.37616063,23.1364465,1
1522950,-82.37661213,23.13941042,1
1522945,-82.37602721,23.13991387,1
1522933,-82.37842792,23.13929133,1
1522930,-82.37584163,23.13030766,1
1522927,-82.37619638,23.13771597,1
1522918,-82.37584163,23.13030766,1
1522917,-82.37554063,23.13994393,1
1522905,-82.37906634,23.13856958,1
1522899,-82.37775915,23.13350594,1
1522896,-82.37616063,23.1364465,1
1522894,-82.37742632,23.14275512,1
1522875,-82.37840885,23.13746049,1
1523019,-82.36330714,23.14016326,1
1523017,-82.36399391,23.14015295,1
1523008,-82.36216895,23.14072151,1
1523005,-82.36226903,23.13969529,1
1523002,-82.3609364,23.13838356,1
1522990,-82.36019288,23.13861768,1
1522986,-82.36035358,23.13982826,1
1522985,-82.36199796,23.13716216,1
1522980,-82.3621179,23.1353993,1
1522965,-82.36088323,23.14033154,1
1522964,-82.36245121,23.13831419,1
1522963,-82.36019288,23.13861768,1
1522960,-82.36024404,23.14292091,1
1522907,-82.3621179,23.1353993,1
1522904,-82.36081538,23.13657242,1
1522901,-82.36426362,23.13676055,1
1522892,-82.36347031,23.13903833,1
1522887,-82.36447082,23.14043545,1
1522883,-82.36008711,23.13943038,1
1522881,-82.35985637,23.13964473,1
1522880,-82.36008711,23.13943038,1
1522878,-82.36019288,23.13861768,1
1522869,-82.36447082,23.14043545,1
1522866,-82.36066237,23.13572922,1
1521901,-82.35762525,23.14259186,1
1521895,-82.3570081,23.13458126,1
1521890,-82.35800025,23.14316347,1
1521887,-82.35828593,23.13245491,1
1521886,-82.35668447,23.13876237,1
1521884,-82.36088849,23.13554686,1
1521882,-82.35585048,23.14116179,1
1521871,-82.35495655,23.13872006,1
1521865,-82.35626443,23.14047906,1
1521863,-82.35587056,23.14012198,1
1521857,-82.35468881,23.1366509,1
1521853,-82.35639257,23.13999251,1
1521852,-82.35448725,23.14154269,1
1521841,-82.35663235,23.14196253,1
1521826,-82.36064158,23.1357064,1
1521817,-82.35627893,23.13720096,1
1523020,-82.37129625,23.13670901,1
1523015,-82.37638851,23.13286217,1
1523014,-82.36711711,23.13698096,1
1523013,-82.37102355,23.13778064,1
1523011,-82.37129625,23.13670901,1
1522997,-82.36900714,23.13629763,1
1522993,-82.37697288,23.13103754,1
1522991,-82.36638519,23.13877816,1
1522989,-82.36685813,23.13591347,1
1522988,-82.37678647,23.13178647,1
1522979,-82.36958842,23.13611823,1
1522977,-82.37013495,23.13575291,1
1522975,-82.36563496,23.14130658,1
1522973,-82.36970256,23.13951458,1
1522972,-82.37375288,23.13695055,1
1522971,-82.36940503,23.13954114,1
1522969,-82.37086818,23.1355319,1
1522966,-82.37013495,23.13575291,1
1522958,-82.36969369,23.13819262,1
1522954,-82.36969369,23.13819262,1
1522948,-82.37412754,23.13513215,1
1522946,-82.37446049,23.140836,1
1522944,-82.37021699,23.13488882,1
1522941,-82.3737824,23.13640381,1
1522939,-82.36703653,23.13873249,1
1522938,-82.36425519,23.1384855,1
1522935,-82.3640321,23.13640647,1
1522929,-82.36703653,23.13873249,1
1522928,-82.36746368,23.1390873,1
1522926,-82.36881834,23.13698724,1
1522924,-82.37013495,23.13575291,1
1522915,-82.36638519,23.13877816,1
1522912,-82.36566589,23.14129222,1
1522908,-82.36896863,23.13997213,1
1522900,-82.36850631,23.14114302,1
1522897,-82.36746368,23.1390873,1
1522879,-82.37434648,23.13785802,1
1522873,-82.37407886,23.14120912,1
1522872,-82.36970271,23.13884159,1
1522870,-82.36726373,23.13692605,1
1523001,-82.36648849,23.13348492,1
1522999,-82.36950226,23.13446222,1
1522998,-82.36982246,23.13043764,1
1522994,-82.3727841,23.13285297,1
1522992,-82.36950226,23.13446222,1
1522987,-82.37142205,23.13338356,1
1522978,-82.37054115,23.12934019,1
1522974,-82.36950226,23.13446222,1
1522968,-82.36950226,23.13446222,1
1522967,-82.37478972,23.13265339,1
1522959,-82.37499748,23.12973636,1
1522955,-82.37147777,23.13415926,1
1522953,-82.37285244,23.13067627,1
1522940,-82.37285244,23.13067627,1
1522937,-82.36927072,23.13323778,1
1522936,-82.36805369,23.13423732,1
1522934,-82.37352913,23.13467679,1
1522931,-82.36950226,23.13446222,1
1522925,-82.36950226,23.13446222,1
1522920,-82.36819846,23.13217006,1
1522919,-82.36950226,23.13446222,1
1522916,-82.36793518,23.13499297,1
1522914,-82.36950226,23.13446222,1
1522911,-82.36950226,23.13446222,1
1522910,-82.37373301,23.13398412,1
1522909,-82.36950226,23.13446222,1
1522903,-82.36790406,23.13363696,1
1522902,-82.36998671,23.12941474,1
1522893,-82.36950226,23.13446222,1
1522891,-82.36950226,23.13446222,1
1522890,-82.36842499,23.1336682,1
1522888,-82.36763437,23.13423049,1
1522886,-82.36950226,23.13446222,1
1522885,-82.36950226,23.13446222,1
1522884,-82.37086535,23.13303969,1
1522882,-82.36467361,23.1345194,1
1522876,-82.36950226,23.13446222,1
1522874,-82.36902684,23.13456873,1
1522871,-82.37575731,23.12972171,1
1522868,-82.37054115,23.12934019,1
1523747,-82.38138774,23.12543756,1
1523668,-82.37836297,23.12998137,1
1523654,-82.38286972,23.12820496,1
1523652,-82.38413572,23.12561004,1
1523622,-82.38126081,23.12455753,1
1523589,-82.37971927,23.12724457,1
1523585,-82.38073314,23.12536949,1
1523546,-82.3812604,23.12464309,1
1522863,-82.38149963,23.12091607,1
1522862,-82.38129861,23.12105097,1
1522861,-82.38134095,23.12110604,1
1522860,-82.38149963,23.12091607,1
1522854,-82.38149963,23.12091607,1
1522851,-82.38126157,23.12109149,1
1522848,-82.38134095,23.12110604,1
1522827,-82.37616703,23.11707541,1
1522822,-82.37698959,23.12348033,1
1522817,-82.37776101,23.1287986,1
1522801,-82.37949063,23.12494938,1
1522776,-82.38156396,23.11926124,1
1522774,-82.37587792,23.12257609,1
1522760,-82.37971711,23.11579504,1
1522747,-82.38069087,23.12441601,1
1522746,-82.38202214,23.11709478,1
1522730,-82.38149963,23.12091607,1
1522722,-82.38046521,23.12294378,1
1522721,-82.37646997,23.12192476,1
1522711,-82.37706006,23.11575034,1
1522709,-82.38112641,23.12252409,1
1522708,-82.37952809,23.12207277,1
1522698,-82.37909317,23.12536337,1
1522693,-82.3813535,23.12110613,1
1522690,-82.38357246,23.11865381,1
1522670,-82.3772049,23.119821,1
1522660,-82.37443962,23.12338054,1
1522658,-82.38012282,23.12142588,1
1522649,-82.37696628,23.1234232,1
1522643,-82.3780632,23.12417935,1
1522639,-82.37877483,23.1208564,1
1522636,-82.378546,23.1234492,1
1523012,-82.37000786,23.12622794,1
1522996,-82.37291231,23.12619378,1
1522949,-82.3692887,23.12915982,1
1522932,-82.37313993,23.12442864,1
1522921,-82.37144366,23.12430385,1
1522913,-82.37054115,23.12934019,1
1522898,-82.36962211,23.12696368,1
1522895,-82.37391796,23.12355033,1
1522877,-82.37068912,23.12723336,1
1522864,-82.36672937,23.11781902,1
1522844,-82.3666277,23.11580565,1
1522843,-82.36620411,23.11808932,1
1522839,-82.36620411,23.11808932,1
1522828,-82.37305988,23.11931684,1
1522820,-82.37083034,23.11871663,1
1522819,-82.37116456,23.1219889,1
1522778,-82.36929843,23.12112922,1
1522775,-82.37216234,23.1197144,1
1522772,-82.37503052,23.11800421,1
1522767,-82.3715294,23.11687273,1
1522740,-82.37428665,23.11383851,1
1522717,-82.37010903,23.1193579,1
1522714,-82.36672937,23.11781902,1
1522710,-82.37303063,23.11977473,1
1522705,-82.36723207,23.11711284,1
1522699,-82.37268977,23.12135119,1
1522673,-82.37303063,23.11977473,1
1522669,-82.37226901,23.11867265,1
1522665,-82.37368867,23.11784663,1
1522662,-82.37458051,23.11643901,1
1522659,-82.3699522,23.11628565,1
1522652,-82.36738716,23.1170504,1
1522644,-82.37328922,23.12154905,1
1522640,-82.36595916,23.11998434,1
1522635,-82.36737837,23.11450339,1
1521891,-82.36386631,23.1146752,1
1521851,-82.36515801,23.11890033,1
1521843,-82.36533702,23.12215578,1
1521832,-82.36533702,23.12215578,1
1521823,-82.36533702,23.12215578,1
1521902,-82.35400264,23.14243321,1
1521899,-82.35258574,23.1312641,1
1521897,-82.35258574,23.1312641,1
1521894,-82.35246093,23.13408489,1
1521893,-82.35640168,23.13486471,1
1521892,-82.35307956,23.13180973,1
1521889,-82.35111941,23.13579915,1
1521888,-82.35253623,23.13892203,1
1521885,-82.34916642,23.13870378,1
1521881,-82.35400264,23.14243321,1
1521880,-82.34962431,23.13227572,1
1521878,-82.35177183,23.13688611,1
1521876,-82.35699924,23.13184419,1
1521875,-82.35726548,23.13017416,1
1521873,-82.35333884,23.13773816,1
1521867,-82.35085018,23.13461128,1
1521862,-82.35303346,23.12933733,1
1521861,-82.35184146,23.13567551,1
1521860,-82.35201582,23.13198061,1
1521859,-82.34884861,23.1352061,1
1521856,-82.3491305,23.1385602,1
1521854,-82.35591888,23.12788923,1
1521850,-82.35350509,23.13714668,1
1521849,-82.35265732,23.12828389,1
1521846,-82.35262434,23.12703511,1
1521844,-82.35664844,23.13064719,1
1521840,-82.35028575,23.12939238,1
1521836,-82.35263586,23.13847564,1
1521835,-82.35065392,23.12931483,1
1521834,-82.34948601,23.1353502,1
1521831,-82.35016608,23.13744708,1
1521830,-82.35120803,23.12943884,1
1521829,-82.35374232,23.14077528,1
1521828,-82.35350509,23.13714668,1
1521825,-82.35128529,23.1377713,1
1521821,-82.35455506,23.13620964,1
1521820,-82.35458048,23.13445161,1
1521818,-82.35330702,23.13991008,1
1521816,-82.35203325,23.12835754,1
1521815,-82.34962431,23.13227572,1
1523016,-82.36455983,23.13051036,1
1523000,-82.36553057,23.12921931,1
1522983,-82.36755692,23.13135756,1
1522976,-82.36174455,23.1316601,1
1522970,-82.36472944,23.13334624,1
1522962,-82.36271024,23.13395852,1
1522961,-82.36207248,23.13104676,1
1522951,-82.36207248,23.13104676,1
1522947,-82.37425571,23.12722287,1
1522943,-82.36947528,23.13014782,1
1522942,-82.36696948,23.12581235,1
1522923,-82.36181967,23.13302636,1
1522922,-82.36480752,23.1342715,1
1522906,-82.36618554,23.12538539,1
1522889,-82.3645701,23.13194606,1
1522867,-82.37051446,23.12880774,1
1522865,-82.3618117,23.13171439,1
1521900,-82.36215772,23.1262959,1
1521898,-82.36298004,23.12839244,1
1521883,-82.3602911,23.12672994,1
1521879,-82.36110876,23.13063515,1
1521877,-82.36118435,23.12759858,1
1521872,-82.36487264,23.12612085,1
1521870,-82.36003482,23.12921092,1
1521869,-82.36309273,23.12627398,1
1521868,-82.35957326,23.13062303,1
1521866,-82.35866547,23.12916048,1
1521858,-82.36241981,23.12706155,1
1521855,-82.36038994,23.12843371,1
1521848,-82.36487264,23.12612085,1
1521847,-82.36215772,23.1262959,1
1521845,-82.36238776,23.12854681,1
1521842,-82.3602911,23.12672994,1
1521839,-82.36110876,23.13063515,1
1521838,-82.36549343,23.12535825,1
1521837,-82.35939234,23.13043971,1
1521827,-82.36380819,23.127386,1
1521824,-82.35788917,23.12793536,1
1521822,-82.36191277,23.130583,1
1521819,-82.36549343,23.12535825,1
1523746,-82.39865802,23.14135981,1
1523745,-82.39885569,23.14131695,1
1523743,-82.40189201,23.13542615,1
1523741,-82.40059376,23.13849537,1
1523737,-82.40067959,23.1373608,1
1523735,-82.4001646,23.13725227,1
1523734,-82.39822056,23.13196058,1
1523727,-82.3973065,23.1327755,1
1523720,-82.3986352,23.14365989,1
1523715,-82.39456078,23.13351244,1
1523713,-82.3991695,23.1371789,1
1523710,-82.39661629,23.13035103,1
1523708,-82.39890549,23.13290546,1
1523707,-82.40136513,23.13238816,1
1523700,-82.39853065,23.14247749,1
1523688,-82.4021666,23.13245414,1
1523675,-82.39464383,23.13276225,1
1523673,-82.40313872,23.13852101,1
1523664,-82.40363905,23.13409702,1
1523659,-82.39586234,23.14397077,1
1523647,-82.3978569,23.13562718,1
1523641,-82.39662409,23.13867788,1
1523640,-82.40313171,23.1383762,1
1523637,-82.40313872,23.13852101,1
1523636,-82.3904732,23.14509439,1
1523631,-82.39197538,23.13390756,1
1523627,-82.392122,23.13585508,1
1523620,-82.3993141,23.13904514,1
1523611,-82.39456078,23.13351244,1
1523609,-82.40438417,23.13493334,1
1523599,-82.39451051,23.13352651,1
1523593,-82.40032294,23.14075882,1
1523576,-82.39825941,23.13136429,1
1523568,-82.40423445,23.13641507,1
1523567,-82.39825539,23.13680568,1
1523564,-82.39267581,23.13700291,1
1523561,-82.39767283,23.13751865,1
1523553,-82.40423445,23.13641507,1
1523552,-82.39133046,23.14120331,1
1523548,-82.39316272,23.13935822,1
1523744,-82.39354491,23.11811111,1
1523738,-82.3967559,23.11502641,1
1523722,-82.40106314,23.10815465,1
1523721,-82.40106314,23.10815465,1
1523718,-82.40013091,23.1129479,1
1523712,-82.39266013,23.11985206,1
1523711,-82.39717484,23.11396679,1
1523709,-82.39422762,23.11350463,1
1523702,-82.40397067,23.1205063,1
1523697,-82.39513636,23.11528575,1
1523693,-82.40397067,23.1205063,1
1523692,-82.40699415,23.10323143,1
1523686,-82.39610359,23.10533248,1
1523684,-82.40096262,23.11878856,1
1523682,-82.39856601,23.114393,1
1523677,-82.40020389,23.11306549,1
1523662,-82.39620131,23.11746986,1
1523656,-82.40458335,23.11805473,1
1523644,-82.40456781,23.12117937,1
1523643,-82.40181593,23.11699863,1
1523642,-82.4019134,23.11203602,1
1523623,-82.40013644,23.11987364,1
1523621,-82.40031341,23.11307654,1
1523619,-82.39654577,23.10786524,1
1523618,-82.39624865,23.11544797,1
1523612,-82.39182175,23.11977214,1
1523605,-82.40219235,23.12026709,1
1523601,-82.3930294,23.11888592,1
1523600,-82.39231736,23.11504761,1
1523597,-82.39644097,23.11692062,1
1523587,-82.39063401,23.11898354,1
1523584,-82.39582509,23.11671543,1
1523580,-82.39717582,23.11930359,1
1523573,-82.39326421,23.12055642,1
1523572,-82.40034551,23.11430632,1
1523565,-82.40779958,23.12037574,1
1523556,-82.40297179,23.1082327,1
1523555,-82.39231736,23.11504761,1
1523544,-82.39742098,23.10695557,1
1523542,-82.39063401,23.11898354,1
1523736,-82.40588647,23.12757302,1
1523732,-82.40929966,23.12563555,1
1523729,-82.40929966,23.12563555,1
1523725,-82.40843471,23.12630232,1
1523719,-82.40055084,23.12886602,1
1523717,-82.40017782,23.12686704,1
1523703,-82.40355913,23.12662552,1
1523701,-82.39844743,23.12664929,1
1523695,-82.39766041,23.12658007,1
1523679,-82.40580943,23.12831883,1
1523674,-82.40101715,23.12789658,1
1523669,-82.40588647,23.12757302,1
1523665,-82.40653342,23.12912253,1
1523660,-82.40348493,23.12735667,1
1523639,-82.40859593,23.13158547,1
1523635,-82.40421224,23.12816393,1
1523633,-82.40464523,23.13071967,1
1523628,-82.40351802,23.12617922,1
1523624,-82.40508619,23.12749904,1
1523617,-82.40733138,23.1291814,1
1523615,-82.40444134,23.12596262,1
1523613,-82.39524173,23.12589596,1
1523606,-82.39766041,23.12658007,1
1523604,-82.39922535,23.12835364,1
1523602,-82.40009214,23.12769035,1
1523595,-82.40651876,23.12844916,1
1523591,-82.40733138,23.1291814,1
1523588,-82.39955327,23.12615336,1
1523586,-82.40348493,23.12735667,1
1523582,-82.40725746,23.12896594,1
1523574,-82.40733138,23.1291814,1
1523558,-82.40507366,23.1266808,1
1523557,-82.39849091,23.12254543,1
1523549,-82.40159631,23.13016518,1
1523543,-82.40721364,23.12985484,1
1523540,-82.40733138,23.1291814,1
1523537,-82.40355814,23.12251433,1
1523536,-82.40355814,23.12251433,1
1523535,-82.39757617,23.12731159,1
1523740,-82.39063401,23.11898354,1
1523739,-82.39524173,23.12589596,1
1523731,-82.39063401,23.11898354,1
1523730,-82.39524173,23.12589596,1
1523724,-82.39524173,23.12589596,1
1523723,-82.392809,23.1323702,1
1523714,-82.39415622,23.12925702,1
1523705,-82.39524173,23.12589596,1
1523704,-82.39524173,23.12589596,1
1523690,-82.39524173,23.12589596,1
1523685,-82.39524173,23.12589596,1
1523683,-82.39221801,23.13005419,1
1523681,-82.39524173,23.12589596,1
1523680,-82.39524173,23.12589596,1
1523678,-82.39524173,23.12589596,1
1523671,-82.39524173,23.12589596,1
1523667,-82.39524173,23.12589596,1
1523663,-82.39524173,23.12589596,1
1523650,-82.39068211,23.12538937,1
1523649,-82.39524173,23.12589596,1
1523645,-82.39524173,23.12589596,1
1523634,-82.39766041,23.12658007,1
1523632,-82.39244361,23.12404465,1
1523630,-82.3890839,23.12288238,1
1523629,-82.39387655,23.12235428,1
1523614,-82.39152768,23.1255114,1
1523607,-82.38930861,23.12381321,1
1523603,-82.39524173,23.12589596,1
1523598,-82.39524173,23.12589596,1
1523594,-82.39524173,23.12589596,1
1523583,-82.39524173,23.12589596,1
1523571,-82.39524173,23.12589596,1
1523570,-82.39206675,23.13021532,1
1523566,-82.39524173,23.12589596,1
1523559,-82.39524173,23.12589596,1
1523551,-82.39524173,23.12589596,1
1523550,-82.39120089,23.12030226,1
1523547,-82.39524173,23.12589596,1
1521874,-82.34786808,23.13541624,1
1521864,-82.34806477,23.13932501,1
1522858,-82.38269691,23.09346239,1
1522847,-82.3911041,23.09447689,1
1522831,-82.38730797,23.09466663,1
1522830,-82.38779068,23.09414792,1
1522824,-82.39059651,23.09490074,1
1522815,-82.39157713,23.09527089,1
1522809,-82.38628446,23.0983164,1
1522803,-82.38956451,23.09171353,1
1522789,-82.38355637,23.1008916,1
1522787,-82.3856163,23.1008916,1
1522781,-82.38534758,23.10140365,1
1522764,-82.38778328,23.09574023,1
1522759,-82.38601645,23.09257215,1
1522752,-82.38534758,23.10140365,1
1522728,-82.38216017,23.09090935,1
1522724,-82.38968418,23.09440587,1
1522720,-82.39209712,23.09445543,1
1522715,-82.38753623,23.09870587,1
1522703,-82.3861742,23.10050243,1
1522696,-82.38243431,23.09145776,1
1522688,-82.38967539,23.09439793,1
1522685,-82.38500794,23.10111306,1
1522668,-82.38581417,23.09422108,1
1522666,-82.38534758,23.10140365,1
1522657,-82.38783717,23.09087909,1
1522641,-82.3850878,23.09977417,1
1522634,-82.38569945,23.09033029,1
1523728,-82.38734872,23.11570657,1
1523670,-82.39145645,23.11539889,1
1523651,-82.38694845,23.11691359,1
1523648,-82.38927872,23.11223092,1
1523616,-82.38733325,23.11435946,1
1523608,-82.39205342,23.11543406,1
1523577,-82.3879858,23.11381439,1
1523545,-82.39168011,23.11519283,1
1523539,-82.38586837,23.115677,1
1522856,-82.38894224,23.10687277,1
1522853,-82.3837102,23.11364094,1
1522842,-82.38842348,23.10997925,1
1522838,-82.38477945,23.1061613,1
1522834,-82.38842994,23.10844329,1
1522821,-82.39024508,23.10637114,1
1522813,-82.38599181,23.11044401,1
1522812,-82.38691935,23.10718123,1
1522811,-82.38979795,23.10596167,1
1522807,-82.39041061,23.10724605,1
1522806,-82.3826819,23.10633159,1
1522797,-82.38803566,23.10576904,1
1522795,-82.38688826,23.11143014,1
1522793,-82.38809466,23.10579124,1
1522792,-82.38669587,23.10892907,1
1522791,-82.38601166,23.11127819,1
1522771,-82.39041061,23.10724605,1
1522765,-82.38433912,23.11575929,1
1522758,-82.38642559,23.11026813,1
1522757,-82.38844242,23.10530883,1
1522742,-82.38507986,23.11103608,1
1522741,-82.38367492,23.11043803,1
1522738,-82.38978468,23.10374606,1
1522734,-82.38635078,23.11362745,1
1522725,-82.38895611,23.11105964,1
1522723,-82.38598741,23.11386563,1
1522707,-82.38844242,23.10530883,1
1522706,-82.3887705,23.10705614,1
1522701,-82.38623727,23.10605596,1
1522695,-82.38844242,23.10530883,1
1522648,-82.38605618,23.11052295,1
1522859,-82.38644666,23.08379292,1
1522852,-82.38754392,23.08474897,1
1522845,-82.38644666,23.08379292,1
1522835,-82.38950631,23.08319841,1
1522829,-82.38808127,23.08353302,1
1522814,-82.38881801,23.08262057,1
1522796,-82.38578879,23.08541909,1
1522788,-82.38914693,23.08602398,1
1522786,-82.39206353,23.088839,1
1522785,-82.38855779,23.0852441,1
1522782,-82.3878479,23.08577599,1
1522779,-82.38697849,23.08903896,1
1522770,-82.38395333,23.08980012,1
1522768,-82.38207636,23.08307552,1
1522762,-82.39034872,23.08807933,1
1522761,-82.38731681,23.08328448,1
1522756,-82.38385305,23.08725348,1
1522749,-82.38481703,23.08328624,1
1522744,-82.38481703,23.08328624,1
1522743,-82.38483281,23.08784582,1
1522736,-82.3834236,23.08382656,1
1522731,-82.38378168,23.08735398,1
1522726,-82.38914693,23.08602398,1
1522719,-82.38378138,23.08732285,1
1522718,-82.38081694,23.08367975,1
1522713,-82.39072331,23.08537243,1
1522702,-82.3821938,23.0840548,1
1522692,-82.38888549,23.08707481,1
1522683,-82.38422967,23.08391909,1
1522682,-82.38120584,23.08504134,1
1522676,-82.38986367,23.08269777,1
1522675,-82.39061532,23.08502841,1
1522671,-82.38385305,23.08725348,1
1522655,-82.38806632,23.08353304,1
1522654,-82.38733292,23.08577599,1
1522653,-82.39352271,23.08658919,1
1522645,-82.38660487,23.08434571,1
1521833,-82.35804584,23.11615899,1
1522855,-82.38534758,23.10140365,1
1522846,-82.38534758,23.10140365,1
1522837,-82.38901734,23.10455278,1
1522832,-82.38534758,23.10140365,1
1522823,-82.38668492,23.10427124,1
1522818,-82.38534758,23.10140365,1
1522816,-82.38534758,23.10140365,1
1522810,-82.38765388,23.10407172,1
1522804,-82.38534758,23.10140365,1
1522802,-82.38534758,23.10140365,1
1522800,-82.38534758,23.10140365,1
1522798,-82.38534758,23.10140365,1
1522783,-82.3810029,23.10545079,1
1522780,-82.38765388,23.10407172,1
1522766,-82.38534758,23.10140365,1
1522763,-82.38534758,23.10140365,1
1522754,-82.38534758,23.10140365,1
1522745,-82.38023993,23.10172586,1
1522737,-82.38534758,23.10140365,1
1522735,-82.38534758,23.10140365,1
1522729,-82.38534758,23.10140365,1
1522727,-82.39076244,23.104492,1
1522716,-82.38458633,23.10341792,1
1522712,-82.38204582,23.10479035,1
1522697,-82.38534758,23.10140365,1
1522689,-82.38534758,23.10140365,1
1522687,-82.38534758,23.10140365,1
1522684,-82.38534758,23.10140365,1
1522680,-82.38534758,23.10140365,1
1522677,-82.38347259,23.10366733,1
1522674,-82.38534758,23.10140365,1
1522672,-82.38534758,23.10140365,1
1522663,-82.38367577,23.10111267,1
1522661,-82.38534758,23.10140365,1
1522656,-82.38534758,23.10140365,1
1522651,-82.38534758,23.10140365,1
1522647,-82.38534758,23.10140365,1
1522646,-82.38630438,23.10040261,1
1522638,-82.3801874,23.1026181,1
1522637,-82.38322944,23.10616253,1
1522956,-82.37372166,23.12352999,1
1522857,-82.37110371,23.1104665,1
1522850,-82.38255322,23.10432827,1
1522849,-82.379975,23.10503236,1
1522841,-82.38197985,23.1057545,1
1522840,-82.38051025,23.11149209,1
1522836,-82.38140789,23.11399549,1
1522833,-82.37663343,23.11033824,1
1522826,-82.38364108,23.11463727,1
1522825,-82.37668991,23.1103552,1
1522808,-82.37789154,23.11447003,1
1522805,-82.38169692,23.10927116,1
1522799,-82.37688583,23.10985192,1
1522794,-82.37145981,23.11149314,1
1522790,-82.38079795,23.10736858,1
1522784,-82.36963955,23.1114235,1
1522777,-82.37549638,23.1062773,1
1522773,-82.379975,23.10503236,1
1522769,-82.38197985,23.1057545,1
1522755,-82.37688583,23.10985192,1
1522753,-82.37960075,23.10461019,1
1522751,-82.38229133,23.11506866,1
1522750,-82.38107422,23.10425229,1
1522748,-82.37179463,23.11073144,1
1522739,-82.3836422,23.11470685,1
1522733,-82.37261233,23.11211904,1
1522732,-82.37505876,23.10834896,1
1522704,-82.37261233,23.11211904,1
1522700,-82.37634132,23.10874143,1
1522694,-82.37670627,23.10946483,1
1522691,-82.38251049,23.11492149,1
1522686,-82.38082967,23.10807628,1
1522681,-82.38120886,23.1099913,1
1522679,-82.3785734,23.10610611,1
1522678,-82.3827517,23.10939802,1
1522667,-82.37110371,23.1104665,1
1522664,-82.37885802,23.10374717,1
1522650,-82.3785734,23.10610611,1
1522642,-82.37885802,23.10374717,1
1521896,-82.35804584,23.11615899,1
1524503,-82.35420895,23.06201686,1
1524498,-82.37592658,23.05912639,1
1524488,-82.36076804,23.06679124,1
1524487,-82.37382886,23.05883337,1
1524481,-82.35693699,23.062523,1
1524476,-82.37507865,23.05984617,1
1524474,-82.36400822,23.06006062,1
1524473,-82.36069102,23.07084434,1
1524470,-82.34421697,23.06823401,1
1524465,-82.35593814,23.05975675,1
1524462,-82.36884536,23.06973648,1
1524460,-82.36076804,23.06679124,1
1524455,-82.35809422,23.06674433,1
1524451,-82.35524264,23.06375444,1
1524450,-82.35548775,23.06187316,1
1524444,-82.35732839,23.06675573,1
1524440,-82.36335933,23.07268926,1
1524437,-82.37643379,23.06566924,1
1524429,-82.37634424,23.0587769,1
1524425,-82.36159568,23.06525144,1
1524423,-82.34061074,23.06418736,1
1524421,-82.36200824,23.07352113,1
1524419,-82.3368249,23.06184237,1
1524417,-82.36061308,23.0626507,1
1524399,-82.35534795,23.06120446,1
1524389,-82.36556411,23.06473331,1
1524386,-82.36084315,23.07068485,1
1524383,-82.34870359,23.06096509,1
1524381,-82.36565189,23.05902092,1
1524373,-82.36728453,23.06456071,1
1524371,-82.34317843,23.06249639,1
1524366,-82.3554653,23.0582991,1
1524362,-82.37345381,23.06850794,1
1524359,-82.37460952,23.06362451,1
1524358,-82.35351909,23.06495637,1
1524356,-82.37481236,23.06004934,1
1524354,-82.36814818,23.06335176,1
1524347,-82.35111527,23.06117223,1
1524346,-82.36516226,23.07394807,1
1524345,-82.36159568,23.06525144,1
1524494,-82.35185992,23.07145886,1
1524491,-82.35286117,23.07107325,1
1524490,-82.35302746,23.070915,1
1524489,-82.35275522,23.07847455,1
1524483,-82.35185992,23.07145886,1
1524480,-82.35675782,23.07251612,1
1524475,-82.36225942,23.07693192,1
1524472,-82.35295436,23.07031427,1
1524471,-82.35877226,23.07995964,1
1524466,-82.35487663,23.07789396,1
1524463,-82.34311047,23.07048378,1
1524457,-82.35552692,23.07783015,1
1524456,-82.34934509,23.07621497,1
1524443,-82.36123727,23.07301655,1
1524433,-82.34573851,23.06989281,1
1524432,-82.33685631,23.06714309,1
1524427,-82.34433352,23.07314751,1
1524422,-82.33926256,23.07142516,1
1524412,-82.33981557,23.06686373,1
1524411,-82.36250868,23.07894149,1
1524401,-82.34934509,23.07621497,1
1524397,-82.3456192,23.07720499,1
1524390,-82.33592767,23.06817781,1
1524387,-82.36077053,23.0796158,1
1524385,-82.35622938,23.07333924,1
1524374,-82.35197067,23.06994026,1
1524372,-82.33693274,23.07003378,1
1524361,-82.35972762,23.07625744,1
1524350,-82.35616211,23.07333066,1
1524348,-82.35344052,23.07876614,1
1524340,-82.35273242,23.07845851,1
1522479,-82.34728095,23.08392102,1
1522362,-82.34243346,23.08350131,1
1522327,-82.33939447,23.08316778,1
1522311,-82.34390259,23.08028672,1
1522276,-82.34362949,23.08793854,1
1522202,-82.34286591,23.08810299,1
1522102,-82.34728095,23.08392102,1
1522082,-82.37908191,23.08143869,1
1524477,-82.36352092,23.04882843,1
1524453,-82.3425293,23.04940739,1
1524445,-82.36464887,23.03670361,1
1524442,-82.36576172,23.03704794,1
1524441,-82.3620673,23.0473654,1
1524428,-82.37450789,23.06695926,1
1524424,-82.36528218,23.04001868,1
1524415,-82.36585596,23.04701047,1
1524406,-82.3674834,23.04953591,1
1524405,-82.36611196,23.03595074,1
1524400,-82.36354709,23.04562624,1
1524395,-82.36464887,23.03670361,1
1524394,-82.37354636,23.05539976,1
1524376,-82.36352092,23.04882843,1
1524353,-82.37784253,23.0665864,1
1524341,-82.36793376,23.03807632,1
1522505,-82.36010437,23.10036491,1
1522504,-82.36010437,23.10036491,1
1522488,-82.35660553,23.09473348,1
1522462,-82.35999754,23.10224733,1
1522459,-82.35881216,23.10155965,1
1522456,-82.3573627,23.1003508,1
1522455,-82.36082564,23.10013487,1
1522454,-82.3573627,23.1003508,1
1522449,-82.3599729,23.09804098,1
1522440,-82.35958911,23.10340694,1
1522430,-82.35866396,23.09780272,1
1522425,-82.35891662,23.09708946,1
1522416,-82.35646662,23.09685973,1
1522404,-82.35973835,23.09813824,1
1522397,-82.35670678,23.09528121,1
1522394,-82.36501694,23.09985584,1
1522378,-82.35626221,23.09789152,1
1522366,-82.36203623,23.10215202,1
1522351,-82.35699099,23.10036577,1
1522335,-82.36086121,23.09576477,1
1522331,-82.3622344,23.09770854,1
1522319,-82.36082564,23.10013487,1
1522307,-82.36184253,23.10272515,1
1522262,-82.35840082,23.09993434,1
1522261,-82.35999754,23.10224733,1
1522235,-82.35770371,23.09597928,1
1522230,-82.3635837,23.0969219,1
1522212,-82.35485198,23.10028094,1
1522196,-82.35812902,23.09860701,1
1522187,-82.3618777,23.09656645,1
1522184,-82.35801126,23.10333422,1
1522172,-82.36215869,23.10066311,1
1522154,-82.36160148,23.10318774,1
1522152,-82.3599729,23.09804098,1
1522130,-82.35807208,23.09807869,1
1522106,-82.3587066,23.10369432,1
1522092,-82.36495849,23.10072312,1
1522088,-82.36440541,23.09672331,1
1522085,-82.36440541,23.09672331,1
1522083,-82.36086121,23.09576477,1
1524504,-82.37480164,23.06921827,1
1524501,-82.37639037,23.07712666,1
1524495,-82.37480164,23.06921827,1
1524493,-82.37750935,23.08006644,1
1524469,-82.3726058,23.07649433,1
1524468,-82.37781449,23.07939001,1
1524464,-82.37548828,23.07215131,1
1524446,-82.37546146,23.07746347,1
1524418,-82.37910122,23.07682499,1
1524414,-82.37688231,23.06872789,1
1524375,-82.37802029,23.07655849,1
1522506,-82.37618572,23.08583512,1
1522498,-82.37688657,23.08627592,1
1522485,-82.38026261,23.082119,1
1522481,-82.37574351,23.08454832,1
1522445,-82.37450944,23.08307816,1
1522429,-82.37391252,23.08797341,1
1522423,-82.37962067,23.0813817,1
1522391,-82.37327834,23.08254003,1
1522364,-82.37205505,23.0824164,1
1522343,-82.38017677,23.08699886,1
1522296,-82.37091065,23.08210057,1
1522290,-82.3728311,23.08467857,1
1522277,-82.3722589,23.085555,1
1522275,-82.37747988,23.08250704,1
1522270,-82.37261832,23.08478516,1
1522253,-82.37323407,23.08760449,1
1522251,-82.37410563,23.08637463,1
1522248,-82.3798999,23.08821633,1
1522240,-82.38046646,23.08304808,1
1522203,-82.3747743,23.08490026,1
1522199,-82.37266451,23.08409512,1
1522180,-82.3798999,23.08821633,1
1522179,-82.3715506,23.08588925,1
1522178,-82.3728311,23.08467857,1
1522166,-82.37207409,23.08343285,1
1522162,-82.37969383,23.0818069,1
1522161,-82.37578683,23.08646683,1
1522125,-82.37351418,23.0817617,1
1522091,-82.37133874,23.08548576,1
1522503,-82.37508758,23.09230531,1
1522475,-82.37954829,23.09046363,1
1522470,-82.38032311,23.09185729,1
1522464,-82.37818231,23.09128259,1
1522457,-82.38098145,23.08983837,1
1522451,-82.37076891,23.09153235,1
1522442,-82.37399162,23.09211185,1
1522422,-82.37256281,23.08923582,1
1522420,-82.37133026,23.09656065,1
1522413,-82.37662502,23.09052148,1
1522382,-82.38011788,23.0914446,1
1522367,-82.37799885,23.09495024,1
1522354,-82.37224992,23.09490676,1
1522352,-82.37839656,23.09029075,1
1522349,-82.37208724,23.09087465,1
1522348,-82.37934534,23.09678606,1
1522341,-82.37360001,23.09473348,1
1522332,-82.37391252,23.08797341,1
1522310,-82.38119893,23.09475383,1
1522309,-82.37224494,23.09232757,1
1522308,-82.3689846,23.09430627,1
1522303,-82.37159414,23.09274132,1
1522257,-82.38119066,23.09448676,1
1522233,-82.37818231,23.09128259,1
1522209,-82.3798999,23.08821633,1
1522204,-82.37224992,23.09490676,1
1522198,-82.37399162,23.09211185,1
1522195,-82.37775022,23.08926275,1
1522189,-82.37818231,23.09128259,1
1522163,-82.37679897,23.08951748,1
1522153,-82.37288036,23.08928769,1
1522148,-82.37725422,23.09006199,1
1522147,-82.37154007,23.09161918,1
1522144,-82.37224992,23.09490676,1
1522139,-82.37288036,23.08928769,1
1522131,-82.37578683,23.08646683,1
1522118,-82.37729294,23.09270717,1
1522111,-82.37288036,23.08928769,1
1522104,-82.37268448,23.09304917,1
1522103,-82.37154007,23.09161918,1
1524370,-82.3595119,23.08184014,1
1524363,-82.3568883,23.08393725,1
1522501,-82.36412405,23.09356291,1
1522500,-82.36366535,23.09328151,1
1522490,-82.36645749,23.09576595,1
1522487,-82.36412405,23.09356291,1
1522483,-82.36366535,23.09328151,1
1522431,-82.36419411,23.0987221,1
1522424,-82.3605586,23.09060137,1
1522408,-82.35623277,23.09092284,1
1522405,-82.35921264,23.09294849,1
1522392,-82.36653171,23.09891816,1
1522390,-82.36775803,23.09432849,1
1522359,-82.35949251,23.09241301,1
1522346,-82.35609055,23.09441767,1
1522342,-82.36617339,23.09674032,1
1522337,-82.36291224,23.09114462,1
1522330,-82.36017318,23.09018885,1
1522326,-82.36098814,23.0930312,1
1522316,-82.36328323,23.08962796,1
1522314,-82.35813806,23.0893663,1
1522292,-82.36155914,23.09218129,1
1522289,-82.36040137,23.09390385,1
1522285,-82.36273391,23.09044376,1
1522273,-82.36618978,23.09827168,1
1522267,-82.35700528,23.093773,1
1522245,-82.35642439,23.09163346,1
1522238,-82.3576579,23.09119751,1
1522236,-82.35887248,23.09423097,1
1522197,-82.36789027,23.09155818,1
1522193,-82.35887248,23.09423097,1
1522168,-82.3557562,23.09425977,1
1522157,-82.36657705,23.09235648,1
1522135,-82.36539398,23.09635482,1
1522101,-82.35661313,23.09234168,1
1522099,-82.3639163,23.09521872,1
1522097,-82.36098814,23.0930312,1
1522093,-82.36305479,23.09481526,1
1522089,-82.36305479,23.09481526,1
1522086,-82.36305479,23.09481526,1
1522496,-82.37202287,23.10391079,1
1522494,-82.36193623,23.10635266,1
1522491,-82.36843944,23.09897589,1
1522477,-82.36415863,23.10578631,1
1522452,-82.37040859,23.09973499,1
1522437,-82.36622598,23.10618242,1
1522419,-82.36526788,23.10372129,1
1522401,-82.37248326,23.10212533,1
1522365,-82.36187807,23.1050324,1
1522363,-82.37005723,23.10193267,1
1522361,-82.37314529,23.10575229,1
1522360,-82.36526788,23.10372129,1
1522336,-82.36947415,23.10732252,1
1522329,-82.37003768,23.10071929,1
1522312,-82.37188929,23.10381416,1
1522305,-82.36753157,23.09817184,1
1522284,-82.36476452,23.10202152,1
1522282,-82.36940306,23.10359722,1
1522266,-82.37018897,23.1076793,1
1522255,-82.36947415,23.10732252,1
1522246,-82.36984079,23.09556438,1
1522244,-82.3672324,23.10423657,1
1522237,-82.36627,23.09941616,1
1522225,-82.36476624,23.1024645,1
1522222,-82.37085342,23.10326003,1
1522217,-82.36827093,23.09741296,1
1522201,-82.37227131,23.10322513,1
1522174,-82.37203216,23.10162766,1
1522173,-82.36698304,23.10702593,1
1522164,-82.36604369,23.10604485,1
1522140,-82.36584306,23.10428633,1
1522138,-82.37248326,23.10212533,1
1522136,-82.36936337,23.10168083,1
1522128,-82.36627,23.09941616,1
1522127,-82.3661509,23.10455375,1
1522116,-82.36653171,23.09891816,1
1522109,-82.37235033,23.1070594,1
1522105,-82.36675395,23.10635583,1
1522098,-82.36947415,23.10732252,1
1522090,-82.3728168,23.10644747,1
1522493,-82.37470885,23.10350611,1
1522486,-82.3767245,23.10123488,1
1522482,-82.37356068,23.1007619,1
1522478,-82.37180371,23.09745501,1
1522474,-82.37247259,23.09685067,1
1522473,-82.37401773,23.10318191,1
1522467,-82.37344674,23.10413301,1
1522460,-82.37265552,23.10263708,1
1522450,-82.37006388,23.09744744,1
1522421,-82.37394278,23.09815028,1
1522415,-82.3780756,23.10001782,1
1522400,-82.37914525,23.1003947,1
1522395,-82.37581843,23.09711169,1
1522388,-82.37644483,23.10277157,1
1522386,-82.37814903,23.10252977,1
1522375,-82.37073952,23.09712066,1
1522347,-82.37588383,23.1044236,1
1522323,-82.37280607,23.09955934,1
1522321,-82.37589953,23.10259586,1
1522318,-82.3751995,23.10520244,1
1522302,-82.37360204,23.10429977,1
1522274,-82.37589953,23.10259586,1
1522250,-82.37504794,23.10221311,1
1522247,-82.37934534,23.09678606,1
1522243,-82.37583687,23.09817343,1
1522229,-82.37803452,23.09757633,1
1522228,-82.37401773,23.10318191,1
1522223,-82.37529248,23.10524109,1
1522221,-82.37303138,23.09954111,1
1522218,-82.3751731,23.10278072,1
1522194,-82.37904489,23.0971711,1
1522177,-82.37401773,23.10318191,1
1522169,-82.37555499,23.10167877,1
1522159,-82.37605337,23.10401474,1
1522156,-82.37694675,23.10293224,1
1522137,-82.3751995,23.10520244,1
1522123,-82.37291336,23.0953651,1
1522117,-82.37392646,23.09978675,1
1522114,-82.37589953,23.10259586,1
1522113,-82.37470885,23.10350611,1
1522495,-82.36086121,23.09576477,1
1522468,-82.36086121,23.09576477,1
1522463,-82.36086121,23.09576477,1
1522447,-82.36086121,23.09576477,1
1522441,-82.36086121,23.09576477,1
1522439,-82.36086121,23.09576477,1
1522433,-82.36086121,23.09576477,1
1522417,-82.36086121,23.09576477,1
1522414,-82.36086121,23.09576477,1
1522412,-82.36086121,23.09576477,1
1522402,-82.36086121,23.09576477,1
1522396,-82.36086121,23.09576477,1
1522384,-82.36111857,23.09673221,1
1522374,-82.36086121,23.09576477,1
1522371,-82.36075875,23.09531702,1
1522350,-82.36086121,23.09576477,1
1522340,-82.36086121,23.09576477,1
1522339,-82.36086121,23.09576477,1
1522325,-82.36086121,23.09576477,1
1522317,-82.36086121,23.09576477,1
1522299,-82.36086121,23.09576477,1
1522291,-82.36086121,23.09576477,1
1522286,-82.36086121,23.09576477,1
1522271,-82.36086121,23.09576477,1
1522264,-82.36086121,23.09576477,1
1522249,-82.36086121,23.09576477,1
1522242,-82.36086121,23.09576477,1
1522232,-82.36339162,23.09584331,1
1522206,-82.36086121,23.09576477,1
1522200,-82.35981503,23.09470519,1
1522190,-82.36086121,23.09576477,1
1522185,-82.36086121,23.09576477,1
1522170,-82.36086121,23.09576477,1
1522165,-82.36086121,23.09576477,1
1522160,-82.36086121,23.09576477,1
1522155,-82.36228778,23.09498295,1
1522142,-82.36086121,23.09576477,1
1522124,-82.36086121,23.09576477,1
1522120,-82.36086121,23.09576477,1
1522110,-82.36152371,23.09515147,1
1524499,-82.36619711,23.0792336,1
1524492,-82.36258513,23.07991803,1
1524409,-82.36477356,23.08095289,1
1524342,-82.36738801,23.07344436,1
1522499,-82.37050136,23.08990286,1
1522476,-82.36990871,23.0879215,1
1522471,-82.36641205,23.0841831,1
1522465,-82.37202555,23.08636431,1
1522461,-82.36600826,23.08614142,1
1522458,-82.37073274,23.09154661,1
1522443,-82.36938357,23.08852327,1
1522434,-82.36987869,23.09215462,1
1522406,-82.36313971,23.08628505,1
1522399,-82.37065613,23.08450073,1
1522389,-82.36656905,23.08869631,1
1522380,-82.3649358,23.08480854,1
1522368,-82.37065613,23.08450073,1
1522345,-82.36522238,23.08730359,1
1522344,-82.37125026,23.08635394,1
1522315,-82.3715902,23.09533154,1
1522294,-82.36576681,23.08948552,1
1522281,-82.36313971,23.08628505,1
1522268,-82.37037595,23.08350875,1
1522265,-82.37065613,23.08450073,1
1522256,-82.36565953,23.08516733,1
1522239,-82.36565953,23.08516733,1
1522234,-82.36675826,23.08489999,1
1522220,-82.36684361,23.08329288,1
1522208,-82.37038136,23.08921166,1
1522205,-82.36674732,23.08539217,1
1522192,-82.36292839,23.084772,1
1522171,-82.37007357,23.0945058,1
1522158,-82.37050136,23.08990286,1
1522143,-82.37050136,23.08990286,1
1522133,-82.37050136,23.08990286,1
1522132,-82.3672254,23.08934435,1
1522100,-82.36684935,23.08773172,1
1522095,-82.36600826,23.08614142,1
1522094,-82.36786633,23.0889418,1
1522084,-82.36778497,23.08897665,1
1522502,-82.348434,23.09248605,1
1522480,-82.35213605,23.09703258,1
1522453,-82.35393831,23.09141437,1
1522448,-82.34956742,23.09680842,1
1522446,-82.34948768,23.09366408,1
1522438,-82.35195847,23.09632566,1
1522427,-82.35043541,23.09665442,1
1522385,-82.34757833,23.08898627,1
1522381,-82.34374447,23.08861541,1
1522379,-82.34698384,23.09589611,1
1522376,-82.35150378,23.09649414,1
1522357,-82.34779234,23.0957528,1
1522353,-82.35447541,23.09352677,1
1522338,-82.34965928,23.0907699,1
1522334,-82.34623463,23.09002166,1
1522333,-82.34967149,23.09289124,1
1522328,-82.33992724,23.08308365,1
1522324,-82.35181369,23.09640043,1
1522306,-82.35190798,23.08847159,1
1522288,-82.34731896,23.09622582,1
1522283,-82.35489809,23.09317706,1
1522280,-82.35057579,23.09692467,1
1522279,-82.35006833,23.08918764,1
1522272,-82.34901771,23.08683143,1
1522269,-82.35173464,23.09878629,1
1522241,-82.3554648,23.09108916,1
1522224,-82.348434,23.09248605,1
1522215,-82.34984649,23.09752399,1
1522213,-82.35342428,23.0989778,1
1522207,-82.34956741,23.09425977,1
1522188,-82.35600471,23.09283862,1
1522186,-82.34546176,23.09610002,1
1522151,-82.34975942,23.10000126,1
1522145,-82.34679486,23.08914018,1
1522134,-82.35488288,23.09195969,1
1522126,-82.35028725,23.09294847,1
1522122,-82.35488288,23.09195969,1
1522121,-82.35265732,23.09757572,1
1522115,-82.35044345,23.09665195,1
1522112,-82.34679486,23.08914018,1
1524505,-82.31853257,23.04530217,1
1524502,-82.32603182,23.04748961,1
1524500,-82.32299629,23.04589323,1
1524497,-82.31853257,23.04530217,1
1524486,-82.33435056,23.04360894,1
1524461,-82.3250597,23.06873243,1
1524454,-82.32488125,23.0480746,1
1524452,-82.33264168,23.04829822,1
1524449,-82.32399018,23.04462416,1
1524438,-82.33154297,23.05951627,1
1524435,-82.33302355,23.04875581,1
1524430,-82.33130693,23.06164852,1
1524416,-82.3247093,23.025649,1
1524410,-82.33302355,23.04875581,1
1524408,-82.32786895,23.04349765,1
1524404,-82.32602981,23.04747808,1
1524403,-82.33242978,23.04157847,1
1524393,-82.33302355,23.04875581,1
1524384,-82.33377516,23.04915612,1
1524382,-82.33302355,23.04875581,1
1524378,-82.3274231,23.03045119,1
1524377,-82.32922947,23.04446162,1
1524369,-82.33457326,23.04119459,1
1524368,-82.33302355,23.04875581,1
1524357,-82.33457326,23.04119459,1
1524352,-82.33302355,23.04875581,1
1524344,-82.32765198,23.04770934,1
1524339,-82.31780679,23.03316645,1
1524338,-82.32299629,23.04589323,1
1523298,-82.30281933,23.05399247,1
1523291,-82.30280709,23.0651583,1
1522609,-82.27606952,23.05079938,1
1522558,-82.27455879,23.04884029,1
1522087,-82.36097484,23.10725175,1
1524496,-82.30888367,23.00896427,1
1524485,-82.331884,23.00960602,1
1524482,-82.29677447,23.00850369,1
1524478,-82.30476379,22.99095054,1
1524467,-82.32237749,23.00437216,1
1524458,-82.29515076,22.97704356,1
1524448,-82.31644744,23.00991712,1
1524439,-82.32175827,23.0236579,1
1524436,-82.32439107,23.01937081,1
1524431,-82.30654214,22.97097876,1
1524420,-82.30097786,23.0134949,1
1524407,-82.32454721,23.01863999,1
1524402,-82.32241089,23.01203042,1
1524398,-82.29015216,22.97476098,1
1524396,-82.32387187,23.01494287,1
1524391,-82.3293221,23.01254895,1
1524388,-82.3100853,22.97214417,1
1524380,-82.32107162,23.02065611,1
1524360,-82.32081396,23.0104713,1
1524355,-82.30632338,22.97105423,1
1524351,-82.32192993,23.01402032,1
1524349,-82.32387187,23.01494287,1
1524343,-82.28943889,22.97131335,1
1523470,-82.32926029,23.10112799,1
1523469,-82.3292726,23.10106837,1
1523468,-82.33462784,23.09978261,1
1523466,-82.33646626,23.09900153,1
1523465,-82.32697785,23.09753939,1
1523445,-82.32842088,23.09741782,1
1523443,-82.32580304,23.09954947,1
1523432,-82.33226001,23.10745073,1
1523427,-82.32748114,23.10483816,1
1523423,-82.33539536,23.10053616,1
1523421,-82.32633116,23.1002598,1
1523412,-82.33539536,23.10053616,1
1523397,-82.33094752,23.10015211,1
1523395,-82.33793375,23.09856437,1
1523392,-82.32570767,23.09994147,1
1523391,-82.33052517,23.09491662,1
1523387,-82.31847215,23.09672562,1
1523382,-82.32805227,23.09723394,1
1523375,-82.32919747,23.10380343,1
1523366,-82.33068466,23.1083351,1
1523365,-82.33547621,23.10283481,1
1523359,-82.33499927,23.09910155,1
1523352,-82.33054064,23.1052172,1
1523351,-82.32021332,23.09875997,1
1523338,-82.33310625,23.10340562,1
1523335,-82.33178098,23.10401455,1
1523334,-82.33821899,23.10037966,1
1523333,-82.33371327,23.098418,1
1523324,-82.32935201,23.10111742,1
1523318,-82.32918262,23.10104949,1
1523317,-82.32652434,23.10026707,1
1523312,-82.33196992,23.10735157,1
1523310,-82.32926029,23.10112799,1
1523305,-82.3324594,23.09927174,1
1523301,-82.32970083,23.10264252,1
1523299,-82.33082777,23.10634168,1
1523295,-82.3381858,23.09824478,1
1523290,-82.33782057,23.09489098,1
1523287,-82.32621749,23.1011733,1
1523283,-82.33056558,23.10327471,1
1523462,-82.29294156,23.05825861,1
1523460,-82.29043142,23.06233579,1
1523458,-82.29952812,23.06640646,1
1523455,-82.30028616,23.06586598,1
1523446,-82.29300805,23.06587624,1
1523436,-82.29432634,23.0650365,1
1523428,-82.29242445,23.06186854,1
1523424,-82.29363156,23.05757424,1
1523414,-82.29525,23.06460087,1
1523410,-82.29293257,23.05931761,1
1523402,-82.29446468,23.0674423,1
1523396,-82.29363156,23.05757424,1
1523389,-82.29123616,23.06585633,1
1523384,-82.29498982,23.06514627,1
1523381,-82.29340426,23.06757079,1
1523380,-82.28616366,23.06425084,1
1523377,-82.2967731,23.05915244,1
1523372,-82.29674287,23.06172977,1
1523371,-82.29490136,23.05919751,1
1523363,-82.29033825,23.06789293,1
1523360,-82.29671661,23.0592055,1
1523354,-82.28696092,23.06644018,1
1523347,-82.28752276,23.0673841,1
1523346,-82.29209304,23.06351421,1
1523344,-82.29459286,23.06145109,1
1523343,-82.30270257,23.06127335,1
1523340,-82.29635026,23.06585523,1
1523328,-82.29740704,23.06192908,1
1523315,-82.30102247,23.06623545,1
1523314,-82.29952812,23.06640646,1
1523311,-82.2870991,23.07420165,1
1523294,-82.2917913,23.06565451,1
1523285,-82.27994648,23.07139593,1
1523282,-82.29703903,23.06215196,1
1523280,-82.29213316,23.06132366,1
1522619,-82.27668643,23.0525767,1
1522582,-82.28061769,23.05073561,1
1522577,-82.2750344,23.05333112,1
1522576,-82.27844238,23.06457043,1
1522527,-82.28555408,23.05471662,1
1524484,-82.33117274,23.07830431,1
1524479,-82.331549,23.07710778,1
1524459,-82.3250597,23.06873243,1
1524447,-82.33235762,23.07786325,1
1524434,-82.3245514,23.06978015,1
1524426,-82.32940435,23.07986007,1
1524413,-82.33117274,23.07830431,1
1524392,-82.32710123,23.07484597,1
1524379,-82.32711891,23.07461588,1
1524367,-82.33194747,23.07718721,1
1524365,-82.33173609,23.07754058,1
1524364,-82.33200163,23.0769459,1
1523457,-82.31274642,23.08022987,1
1523444,-82.3278177,23.09621333,1
1523429,-82.33052517,23.09491662,1
1523419,-82.32785543,23.08561512,1
1523418,-82.31768131,23.07760474,1
1523416,-82.33594833,23.09243588,1
1523407,-82.320089,23.08415312,1
1523406,-82.32880463,23.08455649,1
1523394,-82.32894659,23.0809721,1
1523388,-82.32063532,23.09278998,1
1523378,-82.32087901,23.08057712,1
1523376,-82.32667777,23.09418346,1
1523367,-82.31929064,23.08190317,1
1523361,-82.32240461,23.09175264,1
1523350,-82.32308252,23.08840459,1
1523342,-82.33011464,23.08300122,1
1523341,-82.33989,23.09611678,1
1523337,-82.32309223,23.09468212,1
1523326,-82.33011464,23.08300122,1
1523325,-82.32361436,23.07565864,1
1523322,-82.32202994,23.08420725,1
1523321,-82.32195708,23.09307522,1
1523320,-82.31577957,23.07583165,1
1523308,-82.32147905,23.09540712,1
1523304,-82.31942475,23.075406,1
1523303,-82.32036515,23.08132268,1
1523293,-82.31833041,23.07706775,1
1523286,-82.32373646,23.07545743,1
1523464,-82.30727396,23.09581163,1
1523456,-82.30699804,23.08376777,1
1523450,-82.31274642,23.08022987,1
1523448,-82.31218815,23.09611513,1
1523441,-82.30915507,23.08355498,1
1523440,-82.30878806,23.08146545,1
1523437,-82.30878806,23.08146545,1
1523433,-82.30878806,23.08146545,1
1523431,-82.31113863,23.08918259,1
1523430,-82.31800663,23.09572137,1
1523425,-82.30137066,23.07800199,1
1523422,-82.30878806,23.08146545,1
1523420,-82.31076324,23.09002484,1
1523417,-82.30915507,23.08355498,1
1523415,-82.30107576,23.07155943,1
1523409,-82.30854034,23.09931262,1
1523408,-82.31205979,23.07926675,1
1523404,-82.31093996,23.09278843,1
1523403,-82.31313631,23.09154431,1
1523401,-82.30746553,23.08263734,1
1523386,-82.30999052,23.08937465,1
1523383,-82.30878806,23.08146545,1
1523374,-82.31081628,23.09221442,1
1523373,-82.31377602,23.09157536,1
1523370,-82.31060196,23.08922241,1
1523362,-82.30669671,23.09603492,1
1523356,-82.308269,23.09392039,1
1523349,-82.31274642,23.08022987,1
1523348,-82.31213315,23.09656785,1
1523339,-82.31441975,23.09502338,1
1523331,-82.31015004,23.09889958,1
1523330,-82.30878806,23.08146545,1
1523329,-82.30688445,23.08235244,1
1523319,-82.31047177,23.0820496,1
1523309,-82.31200576,23.09876984,1
1523306,-82.3100853,23.08307006,1
1523297,-82.30054229,23.0709352,1
1523296,-82.30878806,23.08146545,1
1523292,-82.3105944,23.09592048,1
1523289,-82.30855034,23.08297851,1
1523467,-82.30878806,23.08146545,1
1523463,-82.30878806,23.08146545,1
1523459,-82.30878806,23.08146545,1
1523454,-82.30808982,23.07642465,1
1523453,-82.30878806,23.08146545,1
1523452,-82.30878806,23.08146545,1
1523451,-82.30878806,23.08146545,1
1523449,-82.30878806,23.08146545,1
1523447,-82.30878806,23.08146545,1
1523442,-82.29893343,23.08872595,1
1523438,-82.3070173,23.0783203,1
1523435,-82.30878806,23.08146545,1
1523434,-82.30878806,23.08146545,1
1523426,-82.30878806,23.08146545,1
1523413,-82.30878806,23.08146545,1
1523411,-82.30855653,23.07826915,1
1523405,-82.30878806,23.08146545,1
1523399,-82.30878806,23.08146545,1
1523398,-82.30733871,23.08146889,1
1523393,-82.31076778,23.07858671,1
1523390,-82.30878806,23.08146545,1
1523385,-82.3070173,23.0783203,1
1523379,-82.30878806,23.08146545,1
1523369,-82.30878806,23.08146545,1
1523368,-82.30631712,23.07783669,1
1523364,-82.30878806,23.08146545,1
1523358,-82.30878806,23.08146545,1
1523353,-82.30878806,23.08146545,1
1523345,-82.30878806,23.08146545,1
1523336,-82.3029364,23.06888883,1
1523332,-82.30751754,23.07973584,1
1523327,-82.30563467,23.07920278,1
1523323,-82.30878806,23.08146545,1
1523313,-82.31143691,23.07820511,1
1523307,-82.30243265,23.08124137,1
1523302,-82.30878806,23.08146545,1
1523300,-82.30878806,23.08146545,1
1523288,-82.30827212,23.0795541,1
1523284,-82.30878806,23.08146545,1
1523281,-82.30878806,23.08146545,1
1522632,-82.26689827,23.04989819,1
1522631,-82.27330653,23.04930203,1
1522630,-82.26689827,23.04989819,1
1522620,-82.26457442,23.04195302,1
1522618,-82.2661579,23.03949146,1
1522617,-82.2727865,23.05270306,1
1522615,-82.26385913,23.0448864,1
1522605,-82.27200216,23.05364549,1
1522603,-82.26746141,23.04992049,1
1522601,-82.26939721,23.04397715,1
1522599,-82.26910081,23.04823075,1
1522598,-82.26311445,23.05096721,1
1522595,-82.25708846,23.06316588,1
1522590,-82.2714685,23.04951709,1
1522589,-82.27270857,23.05143488,1
1522584,-82.26768495,23.05136798,1
1522583,-82.25767313,23.05978399,1
1522580,-82.27670539,23.05126281,1
1522578,-82.26029498,23.04471056,1
1522573,-82.2658995,23.05295363,1
1522570,-82.27268803,23.05095018,1
1522568,-82.26901014,23.04970962,1
1522566,-82.26742359,23.04499911,1
1522561,-82.2698307,23.05007871,1
1522560,-82.26047516,23.0454584,1
1522556,-82.26352673,23.04821965,1
1522554,-82.26431123,23.04360176,1
1522552,-82.25891872,23.06126681,1
1522548,-82.27502173,23.05205668,1
1522547,-82.26668245,23.05315072,1
1522543,-82.2674445,23.04498451,1
1522541,-82.2698307,23.05007871,1
1522538,-82.26358405,23.04404486,1
1522537,-82.27455879,23.04884029,1
1522536,-82.26356504,23.0421598,1
1522530,-82.26561183,23.04583682,1
1522528,-82.2714685,23.04951709,1
1522525,-82.26945877,23.0519281,1
1522509,-82.26960173,23.04671573,1
1522507,-82.26689827,23.04989819,1
1522629,-82.25957626,23.03499389,1
1522628,-82.25953908,23.03503864,1
1522625,-82.26362707,23.03931816,1
1522624,-82.25951493,23.0351584,1
1522623,-82.25953908,23.03503864,1
1522621,-82.25192635,23.06150113,1
1522614,-82.21590757,23.0073651,1
1522613,-82.25409497,23.06304046,1
1522611,-82.26550418,23.03948907,1
1522610,-82.25282599,23.04354882,1
1522608,-82.26611501,23.03931369,1
1522606,-82.25282599,23.04354882,1
1522604,-82.25366919,23.03817893,1
1522600,-82.24639893,23.03522998,1
1522594,-82.2499267,23.03859534,1
1522591,-82.26213813,23.03386745,1
1522588,-82.24630241,23.03393084,1
1522585,-82.24783016,23.03558032,1
1522572,-82.2499095,23.04271056,1
1522571,-82.25587157,23.03797674,1
1522569,-82.25787333,23.03822197,1
1522567,-82.25366919,23.03817893,1
1522565,-82.26473738,23.03279548,1
1522564,-82.26550418,23.03948907,1
1522563,-82.25589001,23.03761687,1
1522545,-82.25139344,23.03347417,1
1522544,-82.25531353,23.03536461,1
1522539,-82.21702371,23.00654582,1
1522535,-82.25452766,23.03806666,1
1522534,-82.25172814,23.04151794,1
1522532,-82.21590757,23.0073651,1
1522529,-82.2539108,23.04034294,1
1522526,-82.25617741,23.03809576,1
1522523,-82.25593447,23.03678455,1
1522522,-82.25914897,23.03560092,1
1522514,-82.25360992,23.03525836,1
1522512,-82.25681132,23.03757303,1
1522511,-82.25139344,23.03347417,1
1522510,-82.2582557,23.04346322,1
1522508,-82.25354831,23.0405825,1
1522633,-82.26161267,23.02457944,1
1522627,-82.26161267,23.02457944,1
1522626,-82.26161267,23.02457944,1
1522622,-82.26161267,23.02457944,1
1522616,-82.26161267,23.02457944,1
1522612,-82.26161267,23.02457944,1
1522607,-82.26161267,23.02457944,1
1522602,-82.26161267,23.02457944,1
1522597,-82.26161267,23.02457944,1
1522596,-82.26161267,23.02457944,1
1522593,-82.22638992,22.99530972,1
1522592,-82.25463867,23.01907619,1
1522587,-82.26161267,23.02457944,1
1522586,-82.26161267,23.02457944,1
1522581,-82.26161267,23.02457944,1
1522579,-82.26161267,23.02457944,1
1522575,-82.26161267,23.02457944,1
1522574,-82.26161267,23.02457944,1
1522562,-82.26161267,23.02457944,1
1522559,-82.26161267,23.02457944,1
1522557,-82.26161267,23.02457944,1
1522555,-82.26161267,23.02457944,1
1522553,-82.26161267,23.02457944,1
1522551,-82.26161267,23.02457944,1
1522550,-82.26161267,23.02457944,1
1522549,-82.21826111,23.00440872,1
1522546,-82.26161267,23.02457944,1
1522542,-82.26161267,23.02457944,1
1522540,-82.26161267,23.02457944,1
1522533,-82.26161267,23.02457944,1
1522531,-82.26161267,23.02457944,1
1522524,-82.23695755,23.0021699,1
1522521,-82.26161267,23.02457944,1
1522520,-82.26775772,23.03100885,1
1522519,-82.26161267,23.02457944,1
1522518,-82.26161267,23.02457944,1
1522517,-82.26161267,23.02457944,1
1522516,-82.26161267,23.02457944,1
1522515,-82.26161267,23.02457944,1
1522513,-82.2625351,23.02401337,1
1523461,-82.33846414,23.10190202,1
1523439,-82.34272648,23.10050616,1
1523400,-82.34095666,23.10033234,1
1523357,-82.34132293,23.09549535,1
1523355,-82.34314269,23.09709789,1
1523316,-82.34410375,23.09873777,1
1522492,-82.34753913,23.0991019,1
1522489,-82.35324709,23.10561855,1
1522469,-82.35745138,23.10577186,1
1522466,-82.34980881,23.10223371,1
1522435,-82.35334432,23.10580208,1
1522428,-82.34910103,23.10403536,1
1522411,-82.3555556,23.11041597,1
1522398,-82.35857823,23.10711172,1
1522387,-82.35273368,23.10533983,1
1522383,-82.35219598,23.1057271,1
1522372,-82.34986226,23.10192222,1
1522370,-82.35317715,23.1056427,1
1522369,-82.35334432,23.10580208,1
1522356,-82.35617638,23.11119397,1
1522313,-82.35297219,23.10544919,1
1522304,-82.35236424,23.10908163,1
1522301,-82.35716497,23.11017474,1
1522300,-82.35609292,23.10892925,1
1522298,-82.35334432,23.10580208,1
1522297,-82.35104818,23.10466624,1
1522278,-82.35450313,23.10411857,1
1522263,-82.35657054,23.10666154,1
1522260,-82.34575935,23.10460871,1
1522259,-82.34807829,23.10051249,1
1522258,-82.34753913,23.0991019,1
1522227,-82.35450313,23.10411857,1
1522183,-82.34563922,23.10476571,1
1522167,-82.35560157,23.10661631,1
1522150,-82.35141082,23.10386158,1
1522149,-82.35716497,23.11017474,1
1522141,-82.35808719,23.10884021,1
1522107,-82.35141082,23.10386158,1
1522497,-82.36730218,23.1091518,1
1522484,-82.36780643,23.11139132,1
1522472,-82.36657865,23.10759431,1
1522444,-82.35892641,23.10747178,1
1522436,-82.36114976,23.11385775,1
1522432,-82.35839473,23.10990614,1
1522418,-82.35989684,23.10997983,1
1522410,-82.36196737,23.10748361,1
1522409,-82.36062532,23.10845627,1
1522407,-82.36694189,23.11219293,1
1522403,-82.3582985,23.11126586,1
1522393,-82.36653638,23.11020651,1
1522377,-82.36664409,23.11120225,1
1522373,-82.36313363,23.10692607,1
1522358,-82.36305721,23.10805738,1
1522355,-82.36059206,23.10789457,1
1522322,-82.36438067,23.11089717,1
1522320,-82.36763039,23.10896045,1
1522295,-82.35985606,23.11065508,1
1522293,-82.35900879,23.10799676,1
1522287,-82.35900879,23.10925986,1
1522254,-82.36936445,23.10900362,1
1522252,-82.36724496,23.10959822,1
1522231,-82.36160334,23.10727021,1
1522226,-82.36397872,23.10709434,1
1522219,-82.3673746,23.10909951,1
1522216,-82.36694189,23.11219293,1
1522214,-82.36863467,23.11018352,1
1522211,-82.35874432,23.11026261,1
1522210,-82.36407964,23.10983899,1
1522191,-82.36283313,23.10712893,1
1522182,-82.3582985,23.11126586,1
1522181,-82.36525144,23.11007592,1
1522176,-82.36114151,23.10829937,1
1522175,-82.35800205,23.11022262,1
1522146,-82.36730218,23.1091518,1
1522129,-82.3589755,23.10679209,1
1522119,-82.36626044,23.11301479,1
1522108,-82.35883713,23.10800313,1
1522096,-82.366548,23.11120841,1
1523532,-82.3345676,23.12233439,1
1523530,-82.33481663,23.12783568,1
1523528,-82.33378261,23.12802976,1
1523526,-82.33319782,23.12319574,1
1523525,-82.32799946,23.12089526,1
1523524,-82.32961368,23.12835666,1
1523523,-82.34167099,23.14225418,1
1523522,-82.3345676,23.12233439,1
1523521,-82.33316302,23.1231606,1
1523520,-82.33430741,23.12279909,1
1523519,-82.33481663,23.12783568,1
1523518,-82.33123183,23.12396228,1
1523516,-82.33129214,23.12401363,1
1523515,-82.34747146,23.11731755,1
1523514,-82.33209077,23.12776957,1
1523513,-82.33110194,23.11814071,1
1523511,-82.33678419,23.12252466,1
1523507,-82.33303238,23.12905713,1
1523505,-82.32875842,23.11791685,1
1523504,-82.3295708,23.11990992,1
1523503,-82.33113316,23.12462362,1
1523502,-82.32948303,23.12457402,1
1523501,-82.33360291,23.11257545,1
1523499,-82.33156229,23.12167594,1
1523497,-82.33669331,23.12143067,1
1523494,-82.32766119,23.12832861,1
1523489,-82.32583739,23.12086985,1
1523488,-82.32755285,23.12012949,1
1523486,-82.33113316,23.12462362,1
1523481,-82.33323812,23.11788416,1
1523480,-82.33001947,23.11826055,1
1523478,-82.32604156,23.12454004,1
1523476,-82.3282975,23.12086899,1
1523475,-82.32899153,23.1259421,1
1523473,-82.32795881,23.11639262,1
1523471,-82.33282783,23.12032671,1
1521907,-82.1736145,23.13594011,1
1523534,-82.32440313,23.13450932,1
1523533,-82.32451235,23.12399586,1
1523529,-82.32451235,23.12399586,1
1523527,-82.32448795,23.12501494,1
1523517,-82.32041291,23.12479088,1
1523512,-82.32448795,23.12501494,1
1523510,-82.32072651,23.12551301,1
1523508,-82.32583739,23.12086985,1
1523506,-82.32584258,23.12116523,1
1523500,-82.31935501,23.12459891,1
1523498,-82.32166018,23.12518946,1
1523496,-82.32317939,23.12364033,1
1523495,-82.32544274,23.12463084,1
1523493,-82.32398228,23.12919737,1
1523492,-82.32439297,23.1209021,1
1523491,-82.32583739,23.12086985,1
1523487,-82.32041291,23.12479088,1
1523485,-82.32350901,23.12417561,1
1523484,-82.32527837,23.12152666,1
1523483,-82.32052241,23.12636545,1
1523479,-82.32193585,23.12375206,1
1523477,-82.32451235,23.12399586,1
1523474,-82.32325182,23.12575198,1
1522078,-82.31204643,23.12140503,1
1522074,-82.31475776,23.117556,1
1522060,-82.3152446,23.11847081,1
1522056,-82.31266998,23.11675549,1
1522051,-82.31460888,23.11688698,1
1522045,-82.32357564,23.11216761,1
1522040,-82.32235909,23.11540745,1
1522020,-82.32163565,23.11024272,1
1522015,-82.31998452,23.12183959,1
1522013,-82.32357564,23.11216761,1
1522011,-82.31366868,23.11674117,1
1522010,-82.31903336,23.1111929,1
1522005,-82.31809672,23.11805218,1
1521983,-82.32357564,23.11216761,1
1521976,-82.32115971,23.1204707,1
1521970,-82.32579231,23.11000983,1
1521963,-82.31366868,23.11674117,1
1522081,-82.29558091,23.11954243,1
1522079,-82.29042139,23.12273561,1
1522077,-82.29042139,23.12273561,1
1522075,-82.30556551,23.12150354,1
1522071,-82.29042139,23.12273561,1
1522070,-82.266107,23.1294363,1
1522068,-82.29558091,23.11954243,1
1522067,-82.29333172,23.1205731,1
1522063,-82.29795366,23.11317823,1
1522057,-82.30247015,23.1202902,1
1522052,-82.26561116,23.10568572,1
1522050,-82.29788749,23.11321333,1
1522049,-82.29414466,23.11628033,1
1522048,-82.28601515,23.10427215,1
1522047,-82.29453768,23.11750842,1
1522046,-82.29965687,23.11381877,1
1522037,-82.29414466,23.11628033,1
1522036,-82.29112744,23.12308166,1
1522033,-82.29201079,23.11288773,1
1522032,-82.29814674,23.11607662,1
1522030,-82.28999155,23.12400135,1
1522027,-82.28516952,23.12561442,1
1522026,-82.28334335,23.12113649,1
1522018,-82.29735389,23.11682199,1
1522016,-82.30280455,23.11748269,1
1522012,-82.29110653,23.12298215,1
1522002,-82.29053736,23.11201451,1
1521999,-82.3029894,23.11726621,1
1521988,-82.29197171,23.11486507,1
1521987,-82.29610877,23.11830859,1
1521985,-82.2971282,23.12286352,1
1521981,-82.29271531,23.11666308,1
1521980,-82.2979706,23.12217479,1
1521979,-82.29197171,23.11486507,1
1521977,-82.29632321,23.1193121,1
1521968,-82.29033968,23.11842764,1
1521965,-82.29103088,23.12488976,1
1521964,-82.29033968,23.11842764,1
1521956,-82.266107,23.1294363,1
1522076,-82.2316266,23.10777805,1
1522073,-82.23232269,23.11794337,1
1522072,-82.2316266,23.10777805,1
1522069,-82.2316266,23.10777805,1
1522065,-82.2316266,23.10777805,1
1522062,-82.2316266,23.10777805,1
1522061,-82.22033461,23.1368894,1
1522059,-82.2284704,23.08991926,1
1522055,-82.2316266,23.10777805,1
1522054,-82.24037315,23.10987466,1
1522043,-82.2316266,23.10777805,1
1522042,-82.22423088,23.10398858,1
1522041,-82.2316266,23.10777805,1
1522039,-82.2316266,23.10777805,1
1522038,-82.21155167,23.09520719,1
1522028,-82.2316266,23.10777805,1
1522024,-82.2316266,23.10777805,1
1522017,-82.2316266,23.10777805,1
1522008,-82.23186499,23.10766129,1
1522006,-82.2316266,23.10777805,1
1522004,-82.2316266,23.10777805,1
1522001,-82.2316266,23.10777805,1
1521997,-82.24273682,23.1149963,1
1521994,-82.2316266,23.10777805,1
1521992,-82.2316266,23.10777805,1
1521991,-82.2316266,23.10777805,1
1521990,-82.23266602,23.1100493,1
1521984,-82.2316266,23.10777805,1
1521982,-82.2316266,23.10777805,1
1521973,-82.2316266,23.10777805,1
1521972,-82.2316266,23.10777805,1
1521969,-82.2316266,23.10777805,1
1521967,-82.23902285,23.12996613,1
1521962,-82.24004745,23.13029665,1
1521959,-82.2316266,23.10777805,1
1521957,-82.2316266,23.10777805,1
1521952,-82.26488448,23.0996418,1
1523531,-82.31037651,23.14640045,1
1523509,-82.31163025,23.14694088,1
1523490,-82.31048838,23.14629893,1
1523482,-82.31098193,23.1463675,1
1523472,-82.31411925,23.14883841,1
1522066,-82.29745411,23.12608622,1
1522064,-82.30208128,23.12974633,1
1522053,-82.29994818,23.12533811,1
1522044,-82.29316459,23.12644105,1
1522035,-82.30355144,23.13058278,1
1522031,-82.2987476,23.12853487,1
1522029,-82.30600856,23.13708264,1
1522022,-82.30962173,23.12382177,1
1522021,-82.30071095,23.12342915,1
1522014,-82.31020625,23.12644466,1
1522009,-82.29619291,23.12476439,1
1522007,-82.2971282,23.12286352,1
1522003,-82.29782208,23.12973729,1
1522000,-82.30103974,23.12625659,1
1521998,-82.30950231,23.12826984,1
1521996,-82.30950231,23.12826984,1
1521995,-82.30571336,23.13538291,1
1521993,-82.30350398,23.12764289,1
1521989,-82.30950231,23.12826984,1
1521986,-82.31020625,23.12644466,1
1521978,-82.29994818,23.12533811,1
1521975,-82.29877565,23.12500214,1
1521974,-82.30228105,23.121795,1
1521966,-82.29641316,23.12933981,1
1521961,-82.26493835,23.12899428,1
1521960,-82.29194508,23.12808416,1
1521958,-82.30025704,23.1319301,1
1521955,-82.30556551,23.12150354,1
1521953,-82.30736699,23.1337977,1
1521951,-82.29861464,23.13313506,1
1521938,-82.3019592,23.13856819,1
1521929,-82.31374354,23.1314053,1
1521925,-82.30659825,23.13924645,1
1521917,-82.30571952,23.13814949,1
1521910,-82.30659825,23.13924645,1
1522080,-82.21457021,23.14744152,1
1522058,-82.21292496,23.147029,1
1522034,-82.18763296,23.09490297,1
1522025,-82.19560325,23.12451482,1
1522023,-82.20470248,23.15211901,1
1522019,-82.20284837,23.15279437,1
1521954,-82.18435728,23.07920088,1
1521946,-82.17416119,23.13539304,1
1521941,-82.17613495,23.13479659,1
1521936,-82.1780777,23.13546654,1
1521932,-82.17736632,23.13465424,1
1521918,-82.17969145,23.1325207,1
1521916,-82.17412949,23.13594011,1
1521914,-82.17671548,23.13424713,1
1521913,-82.17809388,23.13485218,1
1521911,-82.17618943,23.13454223,1
1521909,-82.178936,23.13594011,1
1524336,-82.44240893,23.05608319,1
1524334,-82.44282364,23.05568728,1
1524331,-82.44300842,23.0641624,1
1524325,-82.44559548,23.07087349,1
1524322,-82.43916237,23.06284989,1
1524319,-82.44282364,23.05568728,1
1524311,-82.45488342,23.06586896,1
1524309,-82.44424148,23.06036523,1
1524305,-82.43959493,23.06103439,1
1524296,-82.45488342,23.06586896,1
1524295,-82.4468671,23.06846832,1
1524294,-82.45067284,23.05514232,1
1524293,-82.44347185,23.06040749,1
1524287,-82.44809237,23.07028844,1
1524284,-82.44571045,23.06248046,1
1524283,-82.44045745,23.05913316,1
1524282,-82.45787076,23.05641551,1
1524278,-82.44935637,23.06335171,1
1524266,-82.44935315,23.05719196,1
1524264,-82.44944291,23.06000344,1
1524254,-82.4438422,23.06973434,1
1524252,-82.44959178,23.06830924,1
1524248,-82.45227384,23.06204903,1
1524242,-82.44300842,23.0641624,1
1524240,-82.44777644,23.05262153,1
1524230,-82.45929862,23.05254738,1
1524222,-82.44991638,23.06970221,1
1524211,-82.44300842,23.0641624,1
1524207,-82.44234027,23.06431149,1
1524199,-82.45011886,23.06711296,1
1524198,-82.44234027,23.06431149,1
1524196,-82.44300842,23.0641624,1
1524191,-82.44981625,23.05806253,1
1524185,-82.44180201,23.06094864,1
1524182,-82.44959178,23.06830924,1
1524179,-82.44779996,23.05799397,1
1524178,-82.44949566,23.06924213,1
1523919,-82.44982924,23.07294104,1
1523887,-82.44954493,23.07256843,1
1523794,-82.4516201,23.07392802,1
1524337,-82.49591901,23.01922335,1
1524326,-82.46919034,23.02755032,1
1524324,-82.46919034,23.02755032,1
1524321,-82.47299292,22.98262882,1
1524318,-82.50265755,23.01627611,1
1524316,-82.47321205,23.0309445,1
1524310,-82.49819712,23.01805913,1
1524303,-82.47659683,22.98526149,1
1524298,-82.49591901,23.01922335,1
1524292,-82.47209072,22.98458985,1
1524291,-82.46934169,23.02783323,1
1524289,-82.4629106,23.01829481,1
1524288,-82.47209609,22.98347374,1
1524285,-82.47506752,23.00875466,1
1524276,-82.47187614,22.98352313,1
1524274,-82.49817641,23.014695,1
1524270,-82.49389172,23.02144606,1
1524268,-82.47616609,23.00093608,1
1524263,-82.47348081,23.01118834,1
1524262,-82.47507928,23.00945153,1
1524256,-82.47197125,22.98365721,1
1524255,-82.45489776,23.02074004,1
1524253,-82.49756032,23.01483184,1
1524243,-82.47950473,23.02608757,1
1524239,-82.4629106,23.01829481,1
1524236,-82.47200489,22.98326632,1
1524226,-82.48744961,23.00331179,1
1524221,-82.47848511,23.0325269,1
1524217,-82.46566203,23.01962027,1
1524205,-82.49110564,23.01769112,1
1524204,-82.47203708,22.98348362,1
1524203,-82.49725616,23.015038,1
1524200,-82.49926666,23.01468021,1
1524195,-82.49739827,23.01477571,1
1524187,-82.4876976,23.02297329,1
1524183,-82.47848511,23.0325269,1
1524177,-82.47199416,22.98350337,1
1524175,-82.47183992,23.01020075,1
1524174,-82.47573853,22.99379497,1
1524172,-82.49591901,23.01922335,1
1524333,-82.46866741,23.0339289,1
1524330,-82.46786206,23.02971391,1
1524329,-82.4840641,23.04348386,1
1524327,-82.46523979,23.02695149,1
1524323,-82.46286392,23.03961369,1
1524315,-82.46819615,23.04739342,1
1524312,-82.47217283,23.03247247,1
1524307,-82.47097656,23.03617868,1
1524301,-82.47836089,23.04468553,1
1524299,-82.48252634,23.04525576,1
1524290,-82.46783185,23.02957467,1
1524286,-82.46510201,23.05015089,1
1524275,-82.46667915,23.04463059,1
1524269,-82.46520817,23.04146487,1
1524265,-82.46866741,23.0339289,1
1524261,-82.46977329,23.03201123,1
1524260,-82.46820043,23.03936752,1
1524259,-82.4689366,23.04178738,1
1524249,-82.46825702,23.04673795,1
1524246,-82.45932207,23.03183103,1
1524245,-82.46510201,23.05015089,1
1524241,-82.46612549,23.04526095,1
1524238,-82.48252634,23.04525576,1
1524235,-82.46820043,23.03936752,1
1524234,-82.46820043,23.03936752,1
1524233,-82.46840836,23.04089687,1
1524232,-82.46585823,23.04488438,1
1524231,-82.47113026,23.04071351,1
1524228,-82.46836086,23.04084781,1
1524227,-82.47342217,23.04387855,1
1524220,-82.46510201,23.05015089,1
1524218,-82.45239258,23.0528824,1
1524212,-82.47129684,23.03328175,1
1524210,-82.47129684,23.03328175,1
1524209,-82.47586722,23.04235824,1
1524189,-82.47215509,23.03244566,1
1524186,-82.46613541,23.04522147,1
1524184,-82.46319167,23.03422493,1
1524176,-82.46526718,23.0490125,1
1524171,-82.45307922,23.02745602,1
1524335,-82.46416773,23.06427165,1
1524332,-82.46942192,23.05534793,1
1524320,-82.46430781,23.05609546,1
1524317,-82.46282721,23.05535569,1
1524306,-82.4646853,23.06339456,1
1524304,-82.46900328,23.05360824,1
1524302,-82.46633236,23.05359123,1
1524300,-82.4574972,23.06224011,1
1524297,-82.46694872,23.05345707,1
1524280,-82.46586964,23.05886917,1
1524279,-82.46173601,23.06877362,1
1524273,-82.46116378,23.06484615,1
1524272,-82.47511997,23.06086044,1
1524258,-82.46106416,23.07143059,1
1524257,-82.46856048,23.0544627,1
1524251,-82.4659348,23.06561365,1
1524250,-82.46438447,23.0628909,1
1524247,-82.47248454,23.06016132,1
1524244,-82.4753263,23.0583031,1
1524237,-82.4718999,23.05890046,1
1524229,-82.47128066,23.06070549,1
1524225,-82.46680275,23.06311565,1
1524224,-82.46735573,23.06232636,1
1524223,-82.47038484,23.05641656,1
1524219,-82.46415675,23.06977246,1
1524213,-82.46260333,23.07233181,1
1524208,-82.46058582,23.05517222,1
1524206,-82.46043116,23.07142828,1
1524202,-82.46801249,23.06388477,1
1524201,-82.46565715,23.06046633,1
1524197,-82.46636152,23.05116465,1
1524192,-82.46430781,23.05609546,1
1524190,-82.46195734,23.06946153,1
1524188,-82.46880095,23.06275952,1
1524180,-82.47399509,23.0608588,1
1524173,-82.47400122,23.0608864,1
1523893,-82.4693566,23.06996161,1
1523800,-82.47637903,23.06128351,1
1523798,-82.4723053,23.08099513,1
1523793,-82.46384572,23.07269501,1
1524167,-82.42108307,23.07924936,1
1524159,-82.42617557,23.08373728,1
1524154,-82.42313115,23.08379071,1
1524153,-82.42259755,23.08307052,1
1524149,-82.42176094,23.08538111,1
1524141,-82.42775143,23.08362005,1
1524139,-82.41608335,23.08954033,1
1524136,-82.41959874,23.08219611,1
1524130,-82.42369674,23.08455772,1
1524120,-82.42105601,23.08385663,1
1524117,-82.42339611,23.08099238,1
1524116,-82.41835444,23.08813522,1
1524104,-82.42463614,23.08180442,1
1524097,-82.42562499,23.08385839,1
1524095,-82.41835444,23.08813522,1
1524084,-82.4232316,23.08341326,1
1524079,-82.42103851,23.08479928,1
1524064,-82.41621012,23.08982197,1
1524062,-82.42755185,23.08313644,1
1524058,-82.42607687,23.08195363,1
1524055,-82.42617557,23.08373728,1
1524044,-82.41617494,23.09114594,1
1524034,-82.4193188,23.07874647,1
1524033,-82.41779878,23.07851475,1
1524032,-82.42863125,23.0835479,1
1524031,-82.42117142,23.08113445,1
1524025,-82.42607687,23.08195363,1
1524020,-82.41622567,23.0892166,1
1524017,-82.42392205,23.0845569,1
1524015,-82.42013989,23.08907777,1
1524014,-82.42149503,23.08566635,1
1524005,-82.4193313,23.08666763,1
1524002,-82.42395086,23.08224374,1
1524000,-82.42627292,23.08316247,1
1523998,-82.42305189,23.08342683,1
1523992,-82.42048273,23.08855618,1
1523986,-82.42505133,23.08389093,1
1523984,-82.43136043,23.08407782,1
1523982,-82.41893505,23.08074698,1
1523974,-82.41477343,23.08403028,1
1524170,-82.43015151,23.08105901,1
1524166,-82.4279568,23.07334097,1
1524164,-82.40249774,23.07301221,1
1524157,-82.4279568,23.07334097,1
1524147,-82.40638733,23.06899266,1
1524145,-82.42242366,23.07681199,1
1524144,-82.42389679,23.07673122,1
1524142,-82.42701162,23.07268385,1
1524133,-82.42707946,23.07657651,1
1524127,-82.42667675,23.0775599,1
1524119,-82.42330072,23.0757404,1
1524114,-82.42392426,23.0756267,1
1524112,-82.42835999,23.07530988,1
1524111,-82.43009053,23.08174063,1
1524110,-82.42803039,23.08653003,1
1524105,-82.42647171,23.07720499,1
1524100,-82.42955766,23.07922286,1
1524099,-82.4279568,23.07334097,1
1524094,-82.42776483,23.08152932,1
1524089,-82.42789592,23.07763216,1
1524080,-82.42909861,23.07846922,1
1524078,-82.42811322,23.08304808,1
1524077,-82.42758751,23.08245588,1
1524068,-82.42667675,23.0775599,1
1524067,-82.42891887,23.07844885,1
1524060,-82.42702961,23.08258419,1
1524059,-82.42166519,23.07783669,1
1524051,-82.42846981,23.07838584,1
1524045,-82.42518961,23.07465843,1
1524042,-82.4274951,23.07271769,1
1524039,-82.42701162,23.07268385,1
1524038,-82.42711954,23.07814211,1
1524037,-82.4274951,23.07271769,1
1524013,-82.42441755,23.07501432,1
1524008,-82.42718678,23.07817356,1
1524003,-82.42414261,23.07931625,1
1523999,-82.42878824,23.08190414,1
1523996,-82.41836566,23.07653601,1
1523987,-82.42392426,23.0756267,1
1523976,-82.42846981,23.07838584,1
1524328,-82.43916237,23.06284989,1
1524308,-82.43916237,23.06284989,1
1524281,-82.43903594,23.06090172,1
1524271,-82.43916237,23.06284989,1
1524267,-82.43916237,23.06284989,1
1524216,-82.43910429,23.061899,1
1524215,-82.44167714,23.06519383,1
1524214,-82.43910429,23.061899,1
1524194,-82.44036298,23.06604136,1
1524193,-82.43693319,23.06417269,1
1524181,-82.43916237,23.06284989,1
1524168,-82.4335645,23.07171042,1
1524162,-82.43056753,23.06558298,1
1524158,-82.42869355,23.0674837,1
1524156,-82.43247271,23.07222379,1
1524155,-82.4289023,23.06991812,1
1524150,-82.434226,23.0663492,1
1524137,-82.43257356,23.06610089,1
1524134,-82.42816164,23.07264608,1
1524132,-82.43451087,23.07081725,1
1524123,-82.43291899,23.06673096,1
1524113,-82.43133954,23.0672714,1
1524106,-82.42869355,23.0674837,1
1524090,-82.43770564,23.06970001,1
1524073,-82.42816164,23.07264608,1
1524069,-82.42779534,23.0721712,1
1524065,-82.43048403,23.06926282,1
1524063,-82.43436813,23.07208468,1
1524053,-82.43202824,23.06990152,1
1524035,-82.43100733,23.0692345,1
1524018,-82.42816164,23.07264608,1
1524012,-82.43202824,23.06990152,1
1524010,-82.42816164,23.07264608,1
1524004,-82.43386099,23.06813883,1
1523997,-82.43023425,23.06983771,1
1523990,-82.43777384,23.07092505,1
1523985,-82.43023425,23.06983771,1
1523981,-82.43839915,23.07104987,1
1523973,-82.42889076,23.0664534,1
1523972,-82.43061419,23.07039002,1
1524161,-82.42239158,23.06683426,1
1524148,-82.42239158,23.06683426,1
1524140,-82.42239158,23.06683426,1
1524138,-82.42239158,23.06683426,1
1524135,-82.41880193,23.06945844,1
1524131,-82.41326371,23.06583394,1
1524129,-82.42828252,23.06626378,1
1524125,-82.42572419,23.06932346,1
1524102,-82.42239158,23.06683426,1
1524101,-82.42684007,23.06270476,1
1524098,-82.42239158,23.06683426,1
1524093,-82.4198138,23.05674946,1
1524086,-82.42239158,23.06683426,1
1524085,-82.42239158,23.06683426,1
1524083,-82.42239158,23.06683426,1
1524081,-82.42239158,23.06683426,1
1524072,-82.42239158,23.06683426,1
1524071,-82.42239158,23.06683426,1
1524056,-82.42239158,23.06683426,1
1524052,-82.41419792,23.04486604,1
1524049,-82.42239158,23.06683426,1
1524048,-82.42239158,23.06683426,1
1524040,-82.42239158,23.06683426,1
1524036,-82.42239158,23.06683426,1
1524030,-82.42239158,23.06683426,1
1524029,-82.42239158,23.06683426,1
1524028,-82.42239158,23.06683426,1
1524027,-82.4044615,23.07106555,1
1524016,-82.42904785,23.06646203,1
1524001,-82.42049069,23.05978265,1
1523995,-82.42239158,23.06683426,1
1523993,-82.42239158,23.06683426,1
1523991,-82.4271339,23.07222373,1
1523989,-82.42239158,23.06683426,1
1523988,-82.4280159,23.05824507,1
1523983,-82.42239158,23.06683426,1
1523978,-82.42239158,23.06683426,1
1523975,-82.42239158,23.06683426,1
1523971,-82.42958596,23.07090233,1
1523970,-82.42239158,23.06683426,1
1524313,-82.44560753,23.06940779,1
1524277,-82.44148989,23.07323956,1
1524169,-82.43422782,23.07915882,1
1524165,-82.43333817,23.07404646,1
1524163,-82.43069999,23.07591244,1
1524160,-82.4397065,23.07793651,1
1524152,-82.43786194,23.08389061,1
1524146,-82.43973385,23.08046623,1
1524143,-82.44020836,23.07699647,1
1524128,-82.43802291,23.07836145,1
1524126,-82.4338807,23.07763884,1
1524115,-82.43248461,23.07960731,1
1524109,-82.43627627,23.07123729,1
1524108,-82.43785064,23.07160934,1
1524103,-82.43864297,23.08406678,1
1524092,-82.43774049,23.07405852,1
1524082,-82.4338807,23.07763884,1
1524075,-82.43744838,23.08459891,1
1524070,-82.43248461,23.07960731,1
1524066,-82.43727575,23.08421107,1
1524061,-82.43713358,23.0780667,1
1524054,-82.43422782,23.07915882,1
1524047,-82.4397065,23.07793651,1
1524043,-82.43660862,23.07815031,1
1524041,-82.43660862,23.07815031,1
1524026,-82.43925427,23.07483576,1
1524024,-82.43707455,23.07785874,1
1524021,-82.43981302,23.07716787,1
1524019,-82.43673051,23.07150629,1
1524011,-82.43660862,23.07815031,1
1524009,-82.43711728,23.07838328,1
1524006,-82.43707455,23.07785874,1
1523994,-82.43658326,23.07810186,1
1523980,-82.43640332,23.0835849,1
1523969,-82.43122193,23.07664853,1
1523968,-82.43440103,23.07325983,1
1523895,-82.44217969,23.08328983,1
1523859,-82.44217969,23.08328983,1
1523840,-82.44217969,23.08328983,1
1523766,-82.44226677,23.08391662,1
1523951,-82.41568705,23.13173467,1
1523945,-82.41632491,23.10544285,1
1523933,-82.40890592,23.10145225,1
1523925,-82.41650493,23.10299332,1
1523918,-82.41158574,23.09990788,1
1523912,-82.41828482,23.1132977,1
1523910,-82.4187387,23.11079335,1
1523894,-82.41424707,23.11177633,1
1523885,-82.41523404,23.127071,1
1523881,-82.41003758,23.10116154,1
1523879,-82.41891861,23.10799676,1
1523877,-82.41787654,23.10872014,1
1523876,-82.41486878,23.11149076,1
1523874,-82.42025486,23.11434555,1
1523873,-82.41315722,23.11217827,1
1523871,-82.41757321,23.10802611,1
1523870,-82.41485685,23.11319725,1
1523869,-82.41287909,23.10374947,1
1523867,-82.40788714,23.10000687,1
1523864,-82.41700608,23.10494394,1
1523849,-82.41757444,23.10991809,1
1523847,-82.41424707,23.11177633,1
1523845,-82.41933134,23.11414545,1
1523832,-82.41345721,23.1031014,1
1523828,-82.41287909,23.10374947,1
1523822,-82.42000865,23.10443963,1
1523817,-82.41095781,23.11508182,1
1523805,-82.41313293,23.11196946,1
1523804,-82.4145525,23.11249983,1
1523803,-82.41713119,23.10922017,1
1523802,-82.41872521,23.11273303,1
1523801,-82.41757444,23.10991809,1
1523790,-82.41659972,23.10608834,1
1523786,-82.41523828,23.12816238,1
1523776,-82.4145525,23.11249983,1
1523772,-82.41635777,23.10903001,1
1523768,-82.41298462,23.10986286,1
1523763,-82.4133872,23.12086361,1
1523761,-82.41545487,23.11458696,1
1523754,-82.41072153,23.11466032,1
1523966,-82.42649971,23.1068922,1
1523965,-82.42656827,23.10701983,1
1523962,-82.42569187,23.10686744,1
1523961,-82.42158798,23.11315263,1
1523960,-82.43034385,23.11293195,1
1523958,-82.4260706,23.11045977,1
1523957,-82.42649971,23.1068922,1
1523949,-82.43094873,23.11030356,1
1523947,-82.42405931,23.11129096,1
1523943,-82.42124631,23.11512849,1
1523942,-82.42697362,23.11254251,1
1523939,-82.42360204,23.11146763,1
1523938,-82.42120922,23.11534331,1
1523930,-82.42902945,23.10779003,1
1523929,-82.42775625,23.10938421,1
1523926,-82.41963755,23.1109868,1
1523921,-82.42338346,23.10737173,1
1523909,-82.42118239,23.11536304,1
1523906,-82.42221712,23.10819196,1
1523905,-82.42166114,23.10848589,1
1523903,-82.42486777,23.10462809,1
1523889,-82.42605169,23.1035351,1
1523883,-82.42405931,23.11129096,1
1523878,-82.42525919,23.1042705,1
1523858,-82.42221712,23.10819196,1
1523856,-82.42697362,23.11254251,1
1523854,-82.42622531,23.10383654,1
1523853,-82.42049321,23.10795258,1
1523852,-82.42689195,23.11092016,1
1523850,-82.42649971,23.1068922,1
1523839,-82.42385265,23.12147618,1
1523836,-82.42724488,23.10244616,1
1523829,-82.42569187,23.10686744,1
1523811,-82.43040984,23.10613732,1
1523796,-82.42728771,23.10761832,1
1523792,-82.42085877,23.11187893,1
1523784,-82.42023968,23.11048399,1
1523778,-82.42647303,23.10759246,1
1523775,-82.42221712,23.10819196,1
1523760,-82.42490432,23.11515374,1
1523964,-82.51391888,23.07637589,1
1523955,-82.51391888,23.07637589,1
1523940,-82.52374643,23.07083595,1
1523937,-82.48797938,23.08657858,1
1523935,-82.4823314,23.08854054,1
1523934,-82.51907229,23.06729486,1
1523907,-82.48377258,23.05201661,1
1523898,-82.51413276,23.0772842,1
1523897,-82.52667798,23.06520005,1
1523890,-82.50676632,23.07574418,1
1523886,-82.48553395,23.08513553,1
1523882,-82.51541451,23.07650122,1
1523880,-82.47301131,23.08557445,1
1523819,-82.52121231,23.0727972,1
1523815,-82.48472905,23.09010333,1
1523813,-82.51178951,23.07467013,1
1523809,-82.49803576,23.08120694,1
1523806,-82.49824762,23.08182668,1
1523795,-82.47701298,23.08178304,1
1523791,-82.48449326,23.08825926,1
1523787,-82.51590347,23.07697434,1
1523783,-82.52028819,23.07176207,1
1523782,-82.49449253,23.08743022,1
1523770,-82.48641801,23.05153692,1
1523762,-82.48340201,23.05298212,1
1523759,-82.46813868,23.0899495,1
1523758,-82.51955509,23.07088786,1
1523751,-82.48314533,23.05353932,1
1524151,-82.41795354,23.09209894,1
1524122,-82.413074,23.09305683,1
1524121,-82.42141306,23.08938314,1
1524118,-82.41927281,23.0890763,1
1524107,-82.42014283,23.09170396,1
1524096,-82.40247524,23.07152135,1
1524091,-82.41926275,23.09088085,1
1524087,-82.41499806,23.09266278,1
1524076,-82.42096376,23.09208795,1
1524074,-82.41066364,23.09346017,1
1524057,-82.418962,23.09117072,1
1524046,-82.42056599,23.08956712,1
1524023,-82.41189092,23.09264645,1
1524022,-82.41237669,23.09130146,1
1524007,-82.41927281,23.0890763,1
1523979,-82.4123166,23.09620989,1
1523977,-82.41861498,23.09324813,1
1523963,-82.42724488,23.10244616,1
1523952,-82.41834998,23.10265806,1
1523927,-82.41750641,23.10107166,1
1523924,-82.41499186,23.10215476,1
1523917,-82.42333158,23.10174809,1
1523915,-82.40978766,23.09738539,1
1523902,-82.42393683,23.09365928,1
1523875,-82.41352927,23.0992074,1
1523872,-82.41739279,23.09853248,1
1523863,-82.41938408,23.09964039,1
1523860,-82.42009606,23.0991716,1
1523844,-82.42407092,23.10389118,1
1523837,-82.42289557,23.10353252,1
1523835,-82.40791715,23.09808416,1
1523833,-82.42289557,23.10353252,1
1523825,-82.42289557,23.10353252,1
1523823,-82.42170203,23.1043407,1
1523810,-82.42047624,23.10354937,1
1523797,-82.42409609,23.10534748,1
1523771,-82.42091686,23.10434308,1
1523769,-82.42407092,23.10389118,1
1523767,-82.42001766,23.10072624,1
1523757,-82.41765944,23.10173632,1
1524050,-82.42602416,23.09192227,1
1523956,-82.43206784,23.09655579,1
1523954,-82.43470877,23.1049656,1
1523953,-82.44443587,23.0993101,1
1523946,-82.44848532,23.10287023,1
1523944,-82.43136811,23.10108973,1
1523941,-82.46016368,23.09546436,1
1523928,-82.44312286,23.11036507,1
1523922,-82.43123092,23.09951196,1
1523914,-82.43125235,23.09804826,1
1523913,-82.45342255,23.09331234,1
1523911,-82.43966619,23.10246743,1
1523904,-82.43767488,23.10025495,1
1523901,-82.43450604,23.09726941,1
1523900,-82.43340254,23.10441339,1
1523888,-82.45563307,23.08920639,1
1523884,-82.43136811,23.10108973,1
1523868,-82.44193098,23.0995775,1
1523862,-82.43202754,23.10340342,1
1523857,-82.43168056,23.09771644,1
1523842,-82.45495303,23.08708682,1
1523838,-82.43450604,23.09726941,1
1523834,-82.44039946,23.10136298,1
1523831,-82.44153562,23.09947534,1
1523827,-82.4279176,23.10183227,1
1523820,-82.43737469,23.0976271,1
1523814,-82.4448936,23.09767441,1
1523808,-82.43366842,23.10104324,1
1523789,-82.43474884,23.10459231,1
1523788,-82.44497563,23.09695548,1
1523781,-82.44639562,23.09804002,1
1523779,-82.441271,23.09860196,1
1523777,-82.44187154,23.10496946,1
1523756,-82.43365096,23.10469235,1
1523753,-82.43211145,23.09887103,1
1523752,-82.44417621,23.09687771,1
1523748,-82.42724488,23.10244616,1
1523967,-82.45646571,23.0869306,1
1523959,-82.46054427,23.08831909,1
1523950,-82.45668411,23.08225848,1
1523948,-82.46054427,23.08831909,1
1523936,-82.46200562,23.08812396,1
1523932,-82.46054427,23.08831909,1
1523931,-82.46054427,23.08831909,1
1523923,-82.47301131,23.08557445,1
1523920,-82.46054427,23.08831909,1
1523916,-82.46054427,23.08831909,1
1523908,-82.46054427,23.08831909,1
1523899,-82.46054427,23.08831909,1
1523896,-82.46054427,23.08831909,1
1523892,-82.46054427,23.08831909,1
1523891,-82.46054427,23.08831909,1
1523866,-82.46054427,23.08831909,1
1523865,-82.46266978,23.09100585,1
1523861,-82.46054427,23.08831909,1
1523855,-82.46054427,23.08831909,1
1523851,-82.46744022,23.09040657,1
1523848,-82.46054427,23.08831909,1
1523846,-82.46266978,23.09100585,1
1523843,-82.46054427,23.08831909,1
1523841,-82.46054427,23.08831909,1
1523830,-82.46054427,23.08831909,1
1523826,-82.46180634,23.09093027,1
1523824,-82.46054427,23.08831909,1
1523821,-82.46504709,23.08632613,1
1523818,-82.45541897,23.08857167,1
1523816,-82.46188121,23.08797187,1
1523812,-82.46054427,23.08831909,1
1523807,-82.46054427,23.08831909,1
1523799,-82.46054427,23.08831909,1
1523780,-82.46491671,23.08135703,1
1523774,-82.46054427,23.08831909,1
1523773,-82.46054427,23.08831909,1
1523765,-82.46054427,23.08831909,1
1523764,-82.46054427,23.08831909,1
1523750,-82.45646571,23.0869306,1
1523749,-82.46097565,23.08494308,1
1523259,-82.3959589,23.01974765,1
1523256,-82.3892212,22.99640794,1
1523241,-82.39177252,23.01556652,1
1523237,-82.38337566,23.00121316,1
1523230,-82.38498502,23.00017746,1
1523227,-82.39635236,22.99531558,1
1523225,-82.38745313,22.99103763,1
1523221,-82.39635236,22.99531558,1
1523212,-82.38583088,23.00223925,1
1523209,-82.39024171,23.00451924,1
1523206,-82.37695277,23.01261931,1
1523205,-82.38943423,22.99816308,1
1523195,-82.3892876,22.99641042,1
1523173,-82.3871026,23.00116268,1
1523162,-82.39276631,23.00623576,1
1523155,-82.38435656,22.99945211,1
1523145,-82.39635236,22.99531558,1
1523141,-82.39210725,23.01783199,1
1523132,-82.37712659,23.01108633,1
1523125,-82.39635236,22.99531558,1
1523124,-82.39885281,23.00940881,1
1523116,-82.38437043,22.99926069,1
1523115,-82.37382428,23.00456739,1
1523103,-82.45834893,23.00776325,1
1523091,-82.3871026,23.00116268,1
1523086,-82.39230431,23.00862528,1
1523084,-82.39542569,23.0047675,1
1523077,-82.39299774,22.99553321,1
1523076,-82.3871026,23.00116268,1
1523075,-82.39225526,23.0085618,1
1523074,-82.39635236,22.99531558,1
1523070,-82.39487028,23.00871154,1
1523052,-82.39500046,22.99632331,1
1523048,-82.39635236,22.99531558,1
1523039,-82.39221135,23.00576026,1
1523033,-82.3894518,23.01453018,1
1523030,-82.39635236,22.99531558,1
1523028,-82.39299774,22.99553321,1
1523021,-82.39398479,23.06224161,1
1523276,-82.40364075,23.0131216,1
1523274,-82.41026124,23.00797752,1
1523271,-82.41465639,23.01153182,1
1523270,-82.41143705,23.00846197,1
1523268,-82.41478801,23.02208945,1
1523254,-82.40170956,23.00652999,1
1523253,-82.40222749,23.0112334,1
1523249,-82.41277747,23.01350727,1
1523244,-82.40635839,23.02508265,1
1523240,-82.40638733,23.02460582,1
1523222,-82.46290255,23.00557027,1
1523217,-82.42576361,23.00651518,1
1523207,-82.42502184,23.00157155,1
1523198,-82.40209451,23.01034851,1
1523194,-82.41069067,23.0100139,1
1523190,-82.41110703,23.01111313,1
1523186,-82.40994674,23.00331428,1
1523179,-82.42167671,23.00282028,1
1523165,-82.40224631,23.01240253,1
1523159,-82.40844727,22.99885159,1
1523151,-82.40635839,23.02508265,1
1523148,-82.41461803,23.00577848,1
1523138,-82.4156592,23.02465352,1
1523130,-82.41249265,23.00736284,1
1523129,-82.41370897,23.00908044,1
1523126,-82.41145134,23.02406768,1
1523122,-82.42140802,23.00447557,1
1523104,-82.41021927,23.00799859,1
1523090,-82.41169603,23.00268775,1
1523082,-82.40535736,23.02539575,1
1523081,-82.40907001,23.02132243,1
1523078,-82.41432556,23.01634156,1
1523066,-82.41025928,23.00799266,1
1523063,-82.42330148,23.002655,1
1523055,-82.40175784,23.00975923,1
1523045,-82.41478724,23.02203108,1
1523040,-82.41877197,23.02519957,1
1523038,-82.42020411,23.02431078,1
1523036,-82.409935,23.02391463,1
1523035,-82.41073603,23.00743683,1
1523272,-82.39433616,22.966692,1
1523267,-82.39412525,22.96867841,1
1523265,-82.39412525,22.96867841,1
1523255,-82.39412525,22.96867841,1
1523252,-82.39053106,22.96523106,1
1523250,-82.38667103,22.96994146,1
1523238,-82.38891564,22.96901281,1
1523235,-82.40805642,22.96969552,1
1523232,-82.39627719,22.96683395,1
1523226,-82.3914957,22.96515038,1
1523223,-82.39123714,22.96719668,1
1523213,-82.38932814,22.97352769,1
1523202,-82.38460394,22.96845465,1
1523200,-82.4156785,22.95215953,1
1523197,-82.39120047,22.97294385,1
1523188,-82.39628458,22.96917807,1
1523180,-82.3891527,22.97226752,1
1523176,-82.38965284,22.97400372,1
1523167,-82.41179217,22.95365863,1
1523164,-82.38918537,22.96509584,1
1523157,-82.39199402,22.96914282,1
1523152,-82.38832073,22.97213292,1
1523146,-82.38836288,22.96455767,1
1523142,-82.39905306,22.96056943,1
1523133,-82.39627106,22.96919561,1
1523120,-82.3945808,22.96683748,1
1523111,-82.41195991,22.95358218,1
1523110,-82.38847567,22.97136308,1
1523101,-82.38916602,22.96510817,1
1523098,-82.39575411,22.96976004,1
1523085,-82.41569053,22.95213674,1
1523073,-82.38834677,22.97414401,1
1523072,-82.38855045,22.9734651,1
1523071,-82.38810779,22.94498645,1
1523056,-82.38998147,22.97239193,1
1523046,-82.39593457,22.97045982,1
1523034,-82.40655899,22.97451486,1
1523031,-82.3891527,22.97226752,1
1523024,-82.38530496,22.96702188,1
1523022,-82.39170537,22.97264605,1
1523275,-82.36175541,22.98873816,1
1523262,-82.37775283,22.97894534,1
1523261,-82.36170039,22.96798891,1
1523246,-82.38060276,22.97872481,1
1523242,-82.36634349,22.96810671,1
1523239,-82.38243018,22.9815759,1
1523231,-82.37867629,22.97207645,1
1523218,-82.38257806,22.98000357,1
1523215,-82.38390243,22.96971216,1
1523211,-82.37841969,22.97672405,1
1523189,-82.38494098,22.98770062,1
1523177,-82.3777513,22.97799297,1
1523175,-82.38028046,22.97905524,1
1523170,-82.36712899,22.95161052,1
1523150,-82.37943649,22.97941417,1
1523127,-82.36054637,22.97092409,1
1523123,-82.38074132,22.97787566,1
1523119,-82.38033051,22.97966491,1
1523118,-82.38257806,22.98000357,1
1523117,-82.38089429,22.97082115,1
1523114,-82.38191599,22.97963217,1
1523113,-82.38119046,22.97297392,1
1523109,-82.38243018,22.9815759,1
1523105,-82.38193153,22.98085229,1
1523097,-82.38611773,22.98557479,1
1523095,-82.38248421,22.97485925,1
1523087,-82.37505184,22.96621509,1
1523083,-82.38388679,22.97204445,1
1523079,-82.37507522,22.96622466,1
1523061,-82.38015786,22.97297505,1
1523060,-82.38107102,22.98816083,1
1523051,-82.37754099,22.97763976,1
1523050,-82.3484373,22.97139344,1
1523047,-82.38027381,22.97261831,1
1523041,-82.37629062,22.96909917,1
1523026,-82.38202165,22.97937953,1
1523278,-82.37650849,23.05144235,1
1523269,-82.378803,23.02938602,1
1523264,-82.37274184,23.0153789,1
1523263,-82.37696886,23.05189543,1
1523260,-82.37692724,23.05176356,1
1523258,-82.37542391,23.03170514,1
1523236,-82.37928629,23.02595857,1
1523234,-82.38372803,23.02176204,1
1523228,-82.3799731,23.02978551,1
1523224,-82.38752093,23.04375115,1
1523208,-82.36890825,23.03654557,1
1523191,-82.37219288,23.03914318,1
1523172,-82.37915833,23.02569354,1
1523147,-82.40350096,23.03565935,1
1523144,-82.37927083,23.02572385,1
1523143,-82.37367051,23.03563715,1
1523137,-82.37170944,23.01550058,1
1523136,-82.37651827,23.04936149,1
1523093,-82.35609055,23.00454007,1
1523089,-82.37549256,23.03085263,1
1523064,-82.37529534,23.0459574,1
1523058,-82.37622661,23.05414144,1
1523025,-82.37274184,23.0153789,1
1523277,-82.39635236,22.99531558,1
1523273,-82.39635236,22.99531558,1
1523251,-82.39635236,22.99531558,1
1523247,-82.39635236,22.99531558,1
1523229,-82.39635236,22.99531558,1
1523220,-82.39093781,22.99648133,1
1523214,-82.39635236,22.99531558,1
1523203,-82.39635236,22.99531558,1
1523199,-82.39635236,22.99531558,1
1523196,-82.39635236,22.99531558,1
1523193,-82.39635236,22.99531558,1
1523183,-82.39635236,22.99531558,1
1523181,-82.39635236,22.99531558,1
1523178,-82.39635236,22.99531558,1
1523174,-82.39635236,22.99531558,1
1523169,-82.39635236,22.99531558,1
1523166,-82.39635236,22.99531558,1
1523161,-82.39635236,22.99531558,1
1523153,-82.39635236,22.99531558,1
1523149,-82.39635236,22.99531558,1
1523140,-82.39635236,22.99531558,1
1523139,-82.39635236,22.99531558,1
1523121,-82.39746097,22.99849043,1
1523112,-82.39635236,22.99531558,1
1523108,-82.39635236,22.99531558,1
1523107,-82.39635236,22.99531558,1
1523106,-82.38967116,22.98613196,1
1523102,-82.39635236,22.99531558,1
1523100,-82.39635236,22.99531558,1
1523099,-82.39635236,22.99531558,1
1523096,-82.39484739,22.99516757,1
1523088,-82.3931694,22.99648133,1
1523080,-82.39635236,22.99531558,1
1523069,-82.42384278,22.98507408,1
1523065,-82.39635236,22.99531558,1
1523062,-82.39635236,22.99531558,1
1523059,-82.39635236,22.99531558,1
1523049,-82.39635236,22.99531558,1
1523043,-82.39635236,22.99531558,1
1523037,-82.39635236,22.99531558,1
1523279,-82.39711761,23.06709744,1
1523266,-82.37827063,23.06427265,1
1523257,-82.38741875,23.05657944,1
1523248,-82.37809539,23.05246284,1
1523245,-82.39610107,23.07000223,1
1523243,-82.38578618,23.05489958,1
1523233,-82.40366268,23.06267987,1
1523216,-82.38953056,23.05888874,1
1523210,-82.38954675,23.07296535,1
1523204,-82.39489473,23.06928262,1
1523201,-82.37792435,23.06123258,1
1523192,-82.39404291,23.07239843,1
1523187,-82.38484919,23.06771931,1
1523185,-82.38374949,23.07590211,1
1523184,-82.38917239,23.06825855,1
1523182,-82.3948954,23.06926411,1
1523171,-82.38953056,23.05888874,1
1523168,-82.40084249,23.06039887,1
1523163,-82.3976669,23.06109489,1
1523160,-82.38746388,23.06473268,1
1523158,-82.38882487,23.07324943,1
1523156,-82.38296741,23.07647974,1
1523154,-82.37836093,23.06262751,1
1523135,-82.37768449,23.05440171,1
1523134,-82.39348776,23.06357581,1
1523131,-82.38834679,23.05847975,1
1523128,-82.38123088,23.07240457,1
1523094,-82.39257438,23.0608965,1
1523092,-82.3953194,23.06394071,1
1523068,-82.38987666,23.06987331,1
1523067,-82.39561806,23.07085774,1
1523057,-82.40533594,23.05997551,1
1523054,-82.39465461,23.06087508,1
1523053,-82.39571674,23.06463408,1
1523044,-82.38233596,23.07876572,1
1523042,-82.40418792,23.06227042,1
1523032,-82.39402771,23.05225059,1
1523029,-82.38373876,23.07590211,1
1523027,-82.379292,23.05389804,1
1523023,-82.38964821,23.0640572,1
